-- phpMyAdmin SQL Dump
-- version 4.9.1
-- https://www.phpmyadmin.net/
--
-- Servidor: localhost
-- Tiempo de generación: 27-11-2019 a las 14:50:11
-- Versión del servidor: 8.0.18
-- Versión de PHP: 7.1.32

SET SQL_MODE = "NO_AUTO_VALUE_ON_ZERO";
SET AUTOCOMMIT = 0;
START TRANSACTION;
SET time_zone = "+00:00";


/*!40101 SET @OLD_CHARACTER_SET_CLIENT=@@CHARACTER_SET_CLIENT */;
/*!40101 SET @OLD_CHARACTER_SET_RESULTS=@@CHARACTER_SET_RESULTS */;
/*!40101 SET @OLD_COLLATION_CONNECTION=@@COLLATION_CONNECTION */;
/*!40101 SET NAMES utf8mb4 */;

--
-- Base de datos: `crimeMap`
--

-- --------------------------------------------------------

--
-- Estructura de tabla para la tabla `contact`
--

CREATE TABLE `contact` (
  `ID` int(11) NOT NULL,
  `complete_name` varchar(100) DEFAULT NULL,
  `email_contact` varchar(100) DEFAULT NULL,
  `description_contact` varchar(10000) DEFAULT NULL
) ENGINE=InnoDB DEFAULT CHARSET=utf8mb4 COLLATE=utf8mb4_0900_ai_ci;

-- --------------------------------------------------------

--
-- Estructura de tabla para la tabla `crime`
--

CREATE TABLE `crime` (
  `ID_crime` int(11) NOT NULL,
  `type_crime_id` int(11) NOT NULL,
  `crime_description` varchar(5000) CHARACTER SET utf8mb4 COLLATE utf8mb4_0900_ai_ci NOT NULL,
  `date_register` date DEFAULT NULL,
  `latitude` varchar(100) CHARACTER SET utf8mb4 COLLATE utf8mb4_0900_ai_ci DEFAULT NULL,
  `longitude` varchar(100) CHARACTER SET utf8mb4 COLLATE utf8mb4_0900_ai_ci DEFAULT NULL,
  `date_crime` date DEFAULT NULL,
  `hour_crime` time DEFAULT NULL,
  `zone_id` int(11) NOT NULL,
  `address` varchar(100) DEFAULT NULL,
  `status` varchar(50) NOT NULL DEFAULT 'Disponible'
) ENGINE=InnoDB DEFAULT CHARSET=utf8mb4 COLLATE=utf8mb4_0900_ai_ci;

--
-- Volcado de datos para la tabla `crime`
--

INSERT INTO `crime` (`ID_crime`, `type_crime_id`, `crime_description`, `date_register`, `latitude`, `longitude`, `date_crime`, `hour_crime`, `zone_id`, `address`, `status`) VALUES
(1, 1, 'Me acosaron en el Roca', '2018-01-05', '-34.737410', '-58.392321', '2018-01-05', '10:00:00', 1, NULL, 'Disponible'),
(2, 1, 'Acoso en vía pública', '2018-04-04', '-34.751941', '-58.392321', '2018-04-04', '12:00:00', 2, NULL, 'Disponible'),
(3, 2, 'Entraron a mi casa', '2019-07-07', '-34.742017', '-58.394496', '2019-07-07', '15:05:00', 2, NULL, 'Disponible'),
(4, 2, 'Se metieron por la ventana!!!', '2019-04-01', '-34.743022', '-58.399303', '2019-04-01', '17:01:00', 2, NULL, 'Disponible'),
(5, 5, 'Venden Paco!!!', '2019-07-01', '-34.808489', '-58.473670', NULL, NULL, 3, NULL, 'Disponible'),
(6, 6, 'Rompieron la plaza', '2019-07-05', '-34.797422', '-58.445157', '2019-07-05', '11:00:00', 5, NULL, 'Disponible'),
(7, 1, 'Me manoseó una chica en la calle', '2019-07-05', '-34.787511', '-58.402322', '2019-07-05', '11:15:00', 1, NULL, 'Disponible'),
(8, 1, 'Me dijeron groserías y se fueron corriendo.', '2019-07-05', '-34.772141', '-58.397751', '2019-07-04', '17:00:00', 2, NULL, 'Aprobado'),
(9, 2, 'Entradera en ocasión de fiesta', '2019-10-07', '-34.752170', '-58.394496', '2019-08-07', '18:30:00', 2, NULL, 'Aprobado'),
(10, 2, 'Robo de alfajores y otros', '2019-08-01', '-34.743888', '-58.399999', '2019-07-01', '14:00:00', 2, NULL, 'Aprobado'),
(11, 5, 'Venden estupefacientes a toda hora', '2019-07-02', '-34.832422', '-58.488817', '2019-07-02', '00:00:00', 5, NULL, 'Aprobado'),
(12, 6, 'Destrozaron todo, son los chicos de Pocha que siempre hacen esto', '2019-07-07', '-34.803422', '-58.447217', '2019-07-07', '12:00:00', 5, NULL, 'Aprobado'),
(13, 4, 'Agregar descripcion', '2019-05-05', '-34.787515', '-58.402362', '2019-09-05', '11:15:00', 3, NULL, 'Aprobado'),
(14, 4, 'Agregar descripcion', '2019-10-05', '-34.787515', '-58.402362', '2019-10-05', '11:15:00', 3, NULL, 'Disponible'),
(15, 2, 'Agregar descripcion', '2019-04-05', '-34.787565', '-58.402361', '2019-03-05', '11:15:00', 5, NULL, 'Disponible'),
(16, 5, 'Agregar descripcion', '2019-08-05', '-34.786565', '-58.402391', '2019-04-05', '11:15:00', 2, NULL, 'Aprobado'),
(17, 1, 'Agregar descripcion', '2019-01-05', '-34.787515', '-58.402345', '2019-04-05', '11:15:00', 5, NULL, 'Aprobado'),
(18, 1, 'Agregar descripcion', '2019-02-06', '-34.787515', '-58.402345', '2019-02-06', '11:15:00', 5, NULL, 'Aprobado'),
(19, 1, 'Agregar descripcion', '2019-03-07', '-34.787515', '-58.402345', '2019-03-07', '11:15:00', 5, NULL, 'Aprobado'),
(20, 1, 'Agregar descripcion', '2019-04-08', '-34.787515', '-58.402345', '2019-04-08', '11:15:00', 5, NULL, 'Aprobado'),
(21, 1, 'Agregar descripcion', '2019-05-09', '-34.787515', '-58.402345', '2019-04-08', '11:15:00', 5, NULL, 'Aprobado'),
(22, 1, 'Agregar descripcion', '2019-06-10', '-34.787515', '-58.402345', '2019-05-09', '11:15:00', 5, NULL, 'Aprobado'),
(23, 1, 'Agregar descripcion', '2019-07-11', '-34.794208', '-58.4493372,14', '2019-05-09', '11:15:00', 8, NULL, 'Aprobado'),
(24, 5, 'Agregar descripcion', '2019-07-25', '-34.6613781', '-58.3764069,15', '2019-07-05', '11:15:00', 9, NULL, 'Aprobado'),
(25, 3, 'Agregar descripcion', '2019-07-15', '-34.7146879', '-58.4283555,13', '2019-07-05', '11:15:00', 10, NULL, 'Aprobado'),
(26, 4, 'Agregar descripcion', '2019-06-26', '-38.787511', '-57.402322', '2019-07-05', '11:15:00', 1, NULL, 'Aprobado'),
(27, 1, 'Agregar descripcion', '2019-12-27', '-32.787511', '-55.402322', '2019-07-05', '11:15:00', 1, NULL, 'Aprobado'),
(28, 4, 'Agregar descripcion', '2019-11-20', '-39.787511', '-58.407322', '2019-07-05', '11:15:00', 1, NULL, 'Aprobado'),
(29, 1, 'Agregar descripcion', '2019-12-02', '-37.787811', '-58.478322', '2019-07-05', '11:15:00', 1, NULL, 'Aprobado'),
(31, 5, 'Agregar descripcion', '2019-12-31', '-37.787911', '-58.408922', '2019-07-31', '11:15:00', 1, NULL, 'Aprobado'),
(1000, 4, 'DescripciÛn delito 1000', '2019-10-01', '-34.788830', '-58.405360', '2019-10-01', '11:15:00', 1, NULL, 'Disponible'),
(1001, 5, 'DescripciÛn delito 1001', '2019-09-10', '-34.784068', '-58.404523', '2019-09-10', '11:15:00', 1, NULL, 'Disponible'),
(1002, 5, 'DescripciÛn delito 1002', '2019-06-27', '-34.781103', '-58.402681', '2019-06-27', '11:15:00', 1, NULL, 'Aprobado'),
(1003, 5, 'DescripciÛn delito 1003', '2019-03-07', '-34.788244', '-58.40245', '2019-03-07', '11:15:00', 1, NULL, 'Disponible'),
(1004, 1, 'DescripciÛn delito 1004', '2019-01-05', '-34.783194', '-58.408195', '2019-01-05', '11:15:00', 1, NULL, 'Disponible'),
(1005, 2, 'DescripciÛn delito 1005', '2019-02-17', '-34.789372', '-58.407730', '2019-02-17', '11:15:00', 1, NULL, 'Disponible'),
(1006, 4, 'DescripciÛn delito 1006', '2019-02-23', '-34.781651', '-58.405508', '2019-02-23', '11:15:00', 1, NULL, 'Disponible'),
(1007, 5, 'DescripciÛn delito 1007', '2019-07-23', '-34.783384', '-58.404013', '2019-07-23', '11:15:00', 1, NULL, 'Disponible'),
(1008, 4, 'DescripciÛn delito 1008', '2019-09-05', '-34.781970', '-58.402985', '2019-09-05', '11:15:00', 1, NULL, 'Disponible'),
(1009, 5, 'DescripciÛn delito 1009', '2019-12-19', '-34.78829', '-58.409028', '2019-12-19', '11:15:00', 1, NULL, 'Disponible'),
(1010, 2, 'DescripciÛn delito 1010', '2019-02-28', '-34.789752', '-58.403231', '2019-02-28', '11:15:00', 1, NULL, 'Disponible'),
(1011, 1, 'DescripciÛn delito 1011', '2019-01-26', '-34.784900', '-58.402433', '2019-01-26', '11:15:00', 1, NULL, 'Disponible'),
(1012, 2, 'DescripciÛn delito 1012', '2019-05-24', '-34.78817', '-58.408668', '2019-05-24', '11:15:00', 1, NULL, 'Disponible'),
(1013, 3, 'DescripciÛn delito 1013', '2019-04-05', '-34.784860', '-58.409746', '2019-04-05', '11:15:00', 1, NULL, 'Disponible'),
(1014, 5, 'DescripciÛn delito 1014', '2019-11-21', '-34.787403', '-58.405333', '2019-11-21', '11:15:00', 1, NULL, 'Disponible'),
(1015, 2, 'DescripciÛn delito 1015', '2019-08-03', '-34.786636', '-58.405885', '2019-08-03', '11:15:00', 1, NULL, 'Disponible'),
(1016, 1, 'DescripciÛn delito 1016', '2019-12-09', '-34.786242', '-58.408256', '2019-12-09', '11:15:00', 1, NULL, 'Disponible'),
(1017, 1, 'DescripciÛn delito 1017', '2019-11-27', '-34.789994', '-58.405807', '2019-11-27', '11:15:00', 1, NULL, 'Disponible'),
(1296, 1, 'Descripcion delito 1296', '2019-10-26', '-34.783534', '-58.407367', '2019-10-26', '11:15:00', 1, NULL, 'Aprobado'),
(1297, 2, 'DescripciÛn delito 1297', '2019-07-21', '-34.784572', '-58.407714', '2019-07-21', '11:15:00', 1, NULL, 'Aprobado'),
(1298, 4, 'DescripciÛn delito 1298', '2019-01-24', '-34.782078', '-58.404471', '2019-01-24', '11:15:00', 1, NULL, 'Aprobado'),
(1299, 3, 'DescripciÛn delito 1299', '2019-03-11', '-34.788849', '-58.407862', '2019-03-11', '11:15:00', 1, NULL, 'Aprobado'),
(1300, 3, 'DescripciÛn delito 1300', '2019-10-11', '-34.787946', '-58.40994', '2019-10-11', '11:15:00', 1, NULL, 'Aprobado'),
(1301, 3, 'DescripciÛn delito 1301', '2019-10-03', '-34.783094', '-58.404782', '2019-10-03', '11:15:00', 1, NULL, 'Aprobado'),
(1302, 3, 'DescripciÛn delito 1302', '2019-06-04', '-34.782226', '-58.402587', '2019-06-04', '11:15:00', 1, NULL, 'Aprobado'),
(1303, 4, 'DescripciÛn delito 1303', '2019-03-21', '-34.781675', '-58.409446', '2019-03-21', '11:15:00', 1, NULL, 'Aprobado'),
(1304, 1, 'DescripciÛn delito 1304', '2019-10-15', '-34.789989', '-58.401953', '2019-10-15', '11:15:00', 1, NULL, 'Aprobado'),
(1305, 3, 'DescripciÛn delito 1305', '2019-09-06', '-34.782810', '-58.407819', '2019-09-06', '11:15:00', 1, NULL, 'Aprobado'),
(1306, 3, 'DescripciÛn delito 1306', '2019-03-29', '-34.78464', '-58.406298', '2019-03-29', '11:15:00', 1, NULL, 'Aprobado'),
(1307, 1, 'DescripciÛn delito 1307', '2019-10-17', '-34.782800', '-58.402598', '2019-10-17', '11:15:00', 1, NULL, 'Aprobado'),
(1308, 3, 'DescripciÛn delito 1308', '2019-08-10', '-34.788359', '-58.406073', '2019-08-10', '11:15:00', 1, NULL, 'Aprobado'),
(1309, 1, 'DescripciÛn delito 1309', '2019-07-02', '-34.787215', '-58.407861', '2019-07-02', '11:15:00', 1, NULL, 'Aprobado'),
(1310, 4, 'DescripciÛn delito 1310', '2019-10-13', '-34.782228', '-58.40466', '2019-10-13', '11:15:00', 1, NULL, 'Aprobado'),
(1311, 2, 'DescripciÛn delito 1311', '2019-05-08', '-34.787299', '-58.40830', '2019-05-08', '11:15:00', 1, NULL, 'Aprobado'),
(1312, 4, 'DescripciÛn delito 1312', '2019-04-26', '-34.782321', '-58.404713', '2019-04-26', '11:15:00', 1, NULL, 'Aprobado'),
(1313, 4, 'DescripciÛn delito 1313', '2019-10-29', '-34.784576', '-58.404273', '2019-10-29', '11:15:00', 1, NULL, 'Aprobado'),
(1315, 2, 'DescripciÛn delito 1315', '2019-11-10', '-34.786122', '-58.402151', '2019-11-10', '11:15:00', 1, NULL, 'Aprobado'),
(1316, 2, 'DescripciÛn delito 1316', '2019-06-29', '-34.785358', '-58.40517', '2019-06-29', '11:15:00', 1, NULL, 'Aprobado'),
(1317, 5, 'DescripciÛn delito 1317', '2019-10-22', '-34.782809', '-58.403192', '2019-10-22', '11:15:00', 1, NULL, 'Aprobado'),
(1318, 5, 'DescripciÛn delito 1318', '2019-03-28', '-34.78428', '-58.404566', '2019-03-28', '11:15:00', 1, NULL, 'Aprobado'),
(1319, 2, 'DescripciÛn delito 1319', '2019-06-16', '-34.787868', '-58.409609', '2019-06-16', '11:15:00', 1, NULL, 'Aprobado'),
(1320, 5, 'DescripciÛn delito 1320', '2019-02-06', '-34.782518', '-58.406020', '2019-02-06', '11:15:00', 1, NULL, 'Aprobado'),
(1321, 2, 'DescripciÛn delito 1321', '2019-02-17', '-34.788150', '-58.408442', '2019-02-17', '11:15:00', 1, NULL, 'Aprobado'),
(1322, 2, 'DescripciÛn delito 1322', '2019-09-29', '-34.784845', '-58.401990', '2019-09-29', '11:15:00', 1, NULL, 'Aprobado'),
(1323, 2, 'DescripciÛn delito 1323', '2019-09-24', '-34.788213', '-58.405003', '2019-09-24', '11:15:00', 1, NULL, 'Aprobado'),
(1324, 1, 'DescripciÛn delito 1324', '2019-07-07', '-34.78280', '-58.409694', '2019-07-07', '11:15:00', 1, NULL, 'Aprobado'),
(1325, 2, 'DescripciÛn delito 1325', '2019-04-05', '-34.784056', '-58.405222', '2019-04-05', '11:15:00', 1, NULL, 'Aprobado'),
(1371, 4, 'asdfghjkml,cfcdfxds', '2019-11-25', NULL, NULL, '2019-08-16', '21:00:00', 9, 'av falsa 123', 'Disponible'),
(2000, 5, 'DescripciÛn delito 2000', '2019-11-24', '-34.78150', '-58.40976', '2019-11-24', '11:15:00', 1, NULL, 'Aprobado'),
(2001, 2, 'DescripciÛn delito 2001', '2019-03-26', '-34.783022', '-58.408812', '2019-03-26', '11:15:00', 1, NULL, 'Aprobado'),
(2002, 4, 'DescripciÛn delito 2002', '2019-11-10', '-34.786621', '-58.409669', '2019-11-10', '11:15:00', 1, NULL, 'Aprobado'),
(2003, 1, 'DescripciÛn delito 2003', '2019-09-23', '-34.781915', '-58.405458', '2019-09-23', '11:15:00', 1, NULL, 'Aprobado'),
(2004, 4, 'DescripciÛn delito 2004', '2019-05-08', '-34.787122', '-58.403975', '2019-05-08', '11:15:00', 1, NULL, 'Aprobado'),
(2005, 2, 'DescripciÛn delito 2005', '2019-12-10', '-34.781668', '-58.401594', '2019-12-10', '11:15:00', 1, NULL, 'Aprobado'),
(2006, 4, 'DescripciÛn delito 2006', '2019-08-26', '-34.789606', '-58.406805', '2019-08-26', '11:15:00', 1, NULL, 'Aprobado'),
(2007, 1, 'DescripciÛn delito 2007', '2019-07-26', '-34.789916', '-58.408234', '2019-07-26', '11:15:00', 1, NULL, 'Aprobado'),
(2008, 3, 'DescripciÛn delito 2008', '2019-07-05', '-34.787970', '-58.404012', '2019-07-05', '11:15:00', 1, NULL, 'Aprobado'),
(2009, 1, 'DescripciÛn delito 2009', '2019-02-11', '-34.78559', '-58.405597', '2019-02-11', '11:15:00', 1, NULL, 'Aprobado'),
(2010, 2, 'DescripciÛn delito 2010', '2019-08-12', '-34.787553', '-58.405123', '2019-08-12', '11:15:00', 1, NULL, 'Aprobado'),
(2011, 1, 'DescripciÛn delito 2011', '2019-04-17', '-34.787428', '-58.407301', '2019-04-17', '11:15:00', 1, NULL, 'Aprobado'),
(2012, 4, 'DescripciÛn delito 2012', '2019-10-15', '-34.781388', '-58.402043', '2019-10-15', '11:15:00', 1, NULL, 'Aprobado'),
(2013, 3, 'DescripciÛn delito 2013', '2019-12-05', '-34.788961', '-58.402149', '2019-12-05', '11:15:00', 1, NULL, 'Aprobado'),
(2014, 1, 'DescripciÛn delito 2014', '2019-09-08', '-34.783547', '-58.409127', '2019-09-08', '11:15:00', 1, NULL, 'Aprobado'),
(2015, 2, 'DescripciÛn delito 2015', '2019-05-18', '-34.78755', '-58.409044', '2019-05-18', '11:15:00', 1, NULL, 'Aprobado'),
(2016, 5, 'DescripciÛn delito 2016', '2019-02-26', '-34.787379', '-58.405544', '2019-02-26', '11:15:00', 1, NULL, 'Aprobado'),
(2017, 1, 'DescripciÛn delito 2017', '2019-01-22', '-34.785321', '-58.40350', '2019-01-22', '11:15:00', 1, NULL, 'Aprobado'),
(2018, 1, 'DescripciÛn delito 2018', '2019-04-20', '-34.789669', '-58.402565', '2019-04-20', '11:15:00', 1, NULL, 'Aprobado'),
(2019, 2, 'DescripciÛn delito 2019', '2019-11-23', '-34.781815', '-58.401625', '2019-11-23', '11:15:00', 1, NULL, 'Aprobado'),
(2020, 3, 'DescripciÛn delito 2020', '2019-01-28', '-34.785102', '-58.401151', '2019-01-28', '11:15:00', 1, NULL, 'Aprobado'),
(2021, 4, 'DescripciÛn delito 2021', '2019-10-11', '-34.787445', '-58.407182', '2019-10-11', '11:15:00', 1, NULL, 'Aprobado'),
(2022, 4, 'DescripciÛn delito 2022', '2019-01-11', '-34.788456', '-58.402813', '2019-01-11', '11:15:00', 1, NULL, 'Aprobado'),
(2023, 3, 'DescripciÛn delito 2023', '2019-11-26', '-34.789212', '-58.401956', '2019-11-26', '11:15:00', 1, NULL, 'Aprobado'),
(2024, 2, 'DescripciÛn delito 2024', '2019-06-13', '-34.789660', '-58.401218', '2019-06-13', '11:15:00', 1, NULL, 'Aprobado'),
(2025, 1, 'DescripciÛn delito 2025', '2019-12-02', '-34.787477', '-58.40993', '2019-12-02', '11:15:00', 1, NULL, 'Aprobado'),
(2026, 2, 'DescripciÛn delito 2026', '2019-12-11', '-34.783816', '-58.401393', '2019-12-11', '11:15:00', 1, NULL, 'Aprobado'),
(2027, 5, 'DescripciÛn delito 2027', '2019-10-17', '-34.782231', '-58.408370', '2019-10-17', '11:15:00', 1, NULL, 'Aprobado'),
(2028, 5, 'DescripciÛn delito 2028', '2019-08-25', '-34.782961', '-58.406299', '2019-08-25', '11:15:00', 1, NULL, 'Aprobado'),
(2029, 1, 'DescripciÛn delito 2029', '2019-04-22', '-34.785262', '-58.402752', '2019-04-22', '11:15:00', 1, NULL, 'Aprobado'),
(2030, 2, 'DescripciÛn delito 2030', '2019-02-20', '-34.785021', '-58.405012', '2019-02-20', '11:15:00', 1, NULL, 'Aprobado'),
(2031, 1, 'DescripciÛn delito 2031', '2019-01-24', '-34.785011', '-58.404085', '2019-01-24', '11:15:00', 1, NULL, 'Aprobado'),
(2032, 4, 'DescripciÛn delito 2032', '2019-04-20', '-34.787049', '-58.404622', '2019-04-20', '11:15:00', 1, NULL, 'Aprobado'),
(2033, 3, 'DescripciÛn delito 2033', '2019-11-21', '-34.787994', '-58.404337', '2019-11-21', '11:15:00', 1, NULL, 'Aprobado'),
(2034, 2, 'DescripciÛn delito 2034', '2019-02-21', '-34.787006', '-58.402549', '2019-02-21', '11:15:00', 1, NULL, 'Aprobado'),
(2035, 4, 'DescripciÛn delito 2035', '2019-04-29', '-34.787398', '-58.401139', '2019-04-29', '11:15:00', 1, NULL, 'Aprobado'),
(2036, 3, 'DescripciÛn delito 2036', '2019-05-20', '-34.789966', '-58.406356', '2019-05-20', '11:15:00', 1, NULL, 'Aprobado'),
(2037, 2, 'DescripciÛn delito 2037', '2019-04-09', '-34.783584', '-58.405344', '2019-04-09', '11:15:00', 1, NULL, 'Aprobado'),
(2038, 2, 'DescripciÛn delito 2038', '2019-04-13', '-34.784265', '-58.401104', '2019-04-13', '11:15:00', 1, NULL, 'Aprobado'),
(2039, 5, 'DescripciÛn delito 2039', '2019-05-10', '-34.782151', '-58.401282', '2019-05-10', '11:15:00', 1, NULL, 'Aprobado'),
(2040, 3, 'DescripciÛn delito 2040', '2019-09-21', '-34.78842', '-58.405400', '2019-09-21', '11:15:00', 1, NULL, 'Aprobado'),
(2041, 5, 'DescripciÛn delito 2041', '2019-05-19', '-34.785925', '-58.405641', '2019-05-19', '11:15:00', 1, NULL, 'Aprobado'),
(2042, 4, 'DescripciÛn delito 2042', '2019-12-03', '-34.787101', '-58.406565', '2019-12-03', '11:15:00', 1, NULL, 'Aprobado'),
(2043, 5, 'DescripciÛn delito 2043', '2019-01-13', '-34.781214', '-58.402264', '2019-01-13', '11:15:00', 1, NULL, 'Aprobado'),
(2044, 4, 'DescripciÛn delito 2044', '2019-12-23', '-34.782216', '-58.405369', '2019-12-23', '11:15:00', 1, NULL, 'Aprobado'),
(2045, 5, 'DescripciÛn delito 2045', '2019-12-28', '-34.785900', '-58.403773', '2019-12-28', '11:15:00', 1, NULL, 'Aprobado'),
(2046, 5, 'DescripciÛn delito 2046', '2019-01-07', '-34.789111', '-58.405327', '2019-01-07', '11:15:00', 1, NULL, 'Aprobado'),
(2047, 5, 'DescripciÛn delito 2047', '2019-04-16', '-34.783068', '-58.407550', '2019-04-16', '11:15:00', 1, NULL, 'Aprobado'),
(2048, 3, 'DescripciÛn delito 2048', '2019-02-26', '-34.783391', '-58.401392', '2019-02-26', '11:15:00', 1, NULL, 'Aprobado'),
(2049, 2, 'DescripciÛn delito 2049', '2019-06-26', '-34.788922', '-58.406214', '2019-06-26', '11:15:00', 1, NULL, 'Aprobado'),
(2050, 2, 'DescripciÛn delito 2050', '2019-03-19', '-34.788935', '-58.408176', '2019-03-19', '11:15:00', 1, NULL, 'Aprobado'),
(2051, 5, 'DescripciÛn delito 2051', '2019-06-12', '-34.788264', '-58.404222', '2019-06-12', '11:15:00', 1, NULL, 'Aprobado'),
(2052, 1, 'DescripciÛn delito 2052', '2019-03-02', '-34.78934', '-58.407580', '2019-03-02', '11:15:00', 1, NULL, 'Aprobado'),
(2053, 1, 'DescripciÛn delito 2053', '2019-09-14', '-34.782242', '-58.406957', '2019-09-14', '11:15:00', 1, NULL, 'Aprobado'),
(2054, 4, 'DescripciÛn delito 2054', '2019-12-10', '-34.781934', '-58.408435', '2019-12-10', '11:15:00', 1, NULL, 'Aprobado'),
(2055, 2, 'DescripciÛn delito 2055', '2019-07-28', '-34.78385', '-58.405785', '2019-07-28', '11:15:00', 1, NULL, 'Aprobado'),
(2056, 1, 'DescripciÛn delito 2056', '2019-05-18', '-34.786887', '-58.405373', '2019-05-18', '11:15:00', 1, NULL, 'Aprobado'),
(2057, 2, 'DescripciÛn delito 2057', '2019-09-01', '-34.78233', '-58.40184', '2019-09-01', '11:15:00', 1, NULL, 'Aprobado'),
(2058, 4, 'DescripciÛn delito 2058', '2019-09-16', '-34.787115', '-58.401066', '2019-09-16', '11:15:00', 1, NULL, 'Aprobado'),
(2059, 2, 'DescripciÛn delito 2059', '2019-10-24', '-34.781411', '-58.409936', '2019-10-24', '11:15:00', 1, NULL, 'Aprobado'),
(2060, 5, 'DescripciÛn delito 2060', '2019-07-22', '-34.783954', '-58.409152', '2019-07-22', '11:15:00', 1, NULL, 'Aprobado'),
(2061, 4, 'DescripciÛn delito 2061', '2019-05-18', '-34.782733', '-58.408279', '2019-05-18', '11:15:00', 1, NULL, 'Aprobado'),
(2062, 5, 'DescripciÛn delito 2062', '2019-02-10', '-34.787891', '-58.402702', '2019-02-10', '11:15:00', 1, NULL, 'Aprobado'),
(2063, 3, 'DescripciÛn delito 2063', '2019-11-03', '-34.785020', '-58.402806', '2019-11-03', '11:15:00', 1, NULL, 'Aprobado'),
(2064, 2, 'DescripciÛn delito 2064', '2019-03-01', '-34.782668', '-58.407920', '2019-03-01', '11:15:00', 1, NULL, 'Aprobado'),
(2065, 2, 'DescripciÛn delito 2065', '2019-02-27', '-34.781057', '-58.408911', '2019-02-27', '11:15:00', 1, NULL, 'Aprobado'),
(2066, 3, 'DescripciÛn delito 2066', '2019-03-27', '-34.784934', '-58.402310', '2019-03-27', '11:15:00', 1, NULL, 'Aprobado'),
(2067, 1, 'DescripciÛn delito 2067', '2019-07-16', '-34.785246', '-58.409349', '2019-07-16', '11:15:00', 1, NULL, 'Aprobado'),
(2068, 2, 'DescripciÛn delito 2068', '2019-10-10', '-34.784559', '-58.405968', '2019-10-10', '11:15:00', 1, NULL, 'Aprobado'),
(2069, 5, 'DescripciÛn delito 2069', '2019-01-10', '-34.781214', '-58.401105', '2019-01-10', '11:15:00', 1, NULL, 'Aprobado'),
(2070, 4, 'DescripciÛn delito 2070', '2019-01-25', '-34.782914', '-58.406978', '2019-01-25', '11:15:00', 1, NULL, 'Aprobado'),
(2071, 2, 'DescripciÛn delito 2071', '2019-10-23', '-34.787712', '-58.402114', '2019-10-23', '11:15:00', 1, NULL, 'Aprobado'),
(2072, 2, 'DescripciÛn delito 2072', '2019-03-16', '-34.781950', '-58.407800', '2019-03-16', '11:15:00', 1, NULL, 'Aprobado'),
(2073, 3, 'DescripciÛn delito 2073', '2019-10-26', '-34.782236', '-58.40418', '2019-10-26', '11:15:00', 1, NULL, 'Aprobado'),
(2074, 5, 'DescripciÛn delito 2074', '2019-10-04', '-34.788499', '-58.403443', '2019-10-04', '11:15:00', 1, NULL, 'Aprobado'),
(2075, 2, 'DescripciÛn delito 2075', '2019-09-02', '-34.783994', '-58.405613', '2019-09-02', '11:15:00', 1, NULL, 'Aprobado'),
(2076, 1, 'DescripciÛn delito 2076', '2019-09-27', '-34.7837', '-58.408571', '2019-09-27', '11:15:00', 1, NULL, 'Aprobado'),
(2077, 2, 'DescripciÛn delito 2077', '2019-03-20', '-34.783354', '-58.40883', '2019-03-20', '11:15:00', 1, NULL, 'Aprobado'),
(2078, 1, 'DescripciÛn delito 2078', '2019-07-27', '-34.781121', '-58.404842', '2019-07-27', '11:15:00', 1, NULL, 'Aprobado'),
(2079, 1, 'DescripciÛn delito 2079', '2019-04-09', '-34.78811', '-58.404253', '2019-04-09', '11:15:00', 1, NULL, 'Aprobado'),
(2080, 5, 'DescripciÛn delito 2080', '2019-10-09', '-34.786032', '-58.408574', '2019-10-09', '11:15:00', 1, NULL, 'Aprobado'),
(2081, 1, 'DescripciÛn delito 2081', '2019-09-24', '-34.789496', '-58.406235', '2019-09-24', '11:15:00', 1, NULL, 'Aprobado'),
(2082, 3, 'DescripciÛn delito 2082', '2019-05-18', '-34.782287', '-58.407569', '2019-05-18', '11:15:00', 1, NULL, 'Aprobado'),
(2083, 5, 'DescripciÛn delito 2083', '2019-09-19', '-34.782230', '-58.402389', '2019-09-19', '11:15:00', 1, NULL, 'Aprobado'),
(2084, 2, 'DescripciÛn delito 2084', '2019-02-25', '-34.7875', '-58.405931', '2019-02-25', '11:15:00', 1, NULL, 'Aprobado'),
(2085, 3, 'DescripciÛn delito 2085', '2019-05-01', '-34.784650', '-58.408572', '2019-05-01', '11:15:00', 1, NULL, 'Aprobado'),
(2086, 4, 'DescripciÛn delito 2086', '2019-03-08', '-34.781115', '-58.407110', '2019-03-08', '11:15:00', 1, NULL, 'Aprobado'),
(2087, 3, 'DescripciÛn delito 2087', '2019-08-13', '-34.786510', '-58.404558', '2019-08-13', '11:15:00', 1, NULL, 'Aprobado'),
(2088, 5, 'DescripciÛn delito 2088', '2019-04-14', '-34.785711', '-58.408455', '2019-04-14', '11:15:00', 1, NULL, 'Aprobado'),
(2089, 2, 'DescripciÛn delito 2089', '2019-03-25', '-34.789773', '-58.406935', '2019-03-25', '11:15:00', 1, NULL, 'Aprobado'),
(2090, 2, 'DescripciÛn delito 2090', '2019-02-13', '-34.78114', '-58.405174', '2019-02-13', '11:15:00', 1, NULL, 'Aprobado'),
(2091, 1, 'DescripciÛn delito 2091', '2019-12-19', '-34.78238', '-58.401895', '2019-12-19', '11:15:00', 1, NULL, 'Aprobado'),
(2092, 4, 'DescripciÛn delito 2092', '2019-11-16', '-34.782324', '-58.4056', '2019-11-16', '11:15:00', 1, NULL, 'Aprobado'),
(2093, 4, 'DescripciÛn delito 2093', '2019-09-28', '-34.781051', '-58.403722', '2019-09-28', '11:15:00', 1, NULL, 'Aprobado'),
(2094, 5, 'DescripciÛn delito 2094', '2019-08-06', '-34.784975', '-58.404070', '2019-08-06', '11:15:00', 1, NULL, 'Aprobado'),
(2095, 2, 'DescripciÛn delito 2095', '2019-06-26', '-34.787031', '-58.404965', '2019-06-26', '11:15:00', 1, NULL, 'Aprobado'),
(2096, 3, 'DescripciÛn delito 2096', '2019-08-29', '-34.786607', '-58.408815', '2019-08-29', '11:15:00', 1, NULL, 'Aprobado'),
(2097, 5, 'DescripciÛn delito 2097', '2019-01-18', '-34.782672', '-58.409440', '2019-01-18', '11:15:00', 1, NULL, 'Aprobado'),
(2098, 1, 'DescripciÛn delito 2098', '2019-11-22', '-34.787644', '-58.405332', '2019-11-22', '11:15:00', 1, NULL, 'Aprobado'),
(2099, 1, 'DescripciÛn delito 2099', '2019-11-22', '-34.785174', '-58.404381', '2019-11-22', '11:15:00', 1, NULL, 'Aprobado'),
(2100, 5, 'DescripciÛn delito 2100', '2019-10-01', '-34.787208', '-58.407950', '2019-10-01', '11:15:00', 1, NULL, 'Aprobado'),
(2101, 5, 'DescripciÛn delito 2101', '2019-01-14', '-34.786761', '-58.403144', '2019-01-14', '11:15:00', 1, NULL, 'Aprobado'),
(2102, 3, 'DescripciÛn delito 2102', '2019-07-21', '-34.786807', '-58.406363', '2019-07-21', '11:15:00', 1, NULL, 'Aprobado'),
(2103, 2, 'DescripciÛn delito 2103', '2019-06-26', '-34.783927', '-58.40516', '2019-06-26', '11:15:00', 1, NULL, 'Aprobado'),
(2104, 1, 'DescripciÛn delito 2104', '2019-09-10', '-34.785043', '-58.408058', '2019-09-10', '11:15:00', 1, NULL, 'Aprobado'),
(2105, 5, 'DescripciÛn delito 2105', '2019-09-18', '-34.78982', '-58.406180', '2019-09-18', '11:15:00', 1, NULL, 'Aprobado'),
(2106, 3, 'DescripciÛn delito 2106', '2019-03-16', '-34.789592', '-58.407144', '2019-03-16', '11:15:00', 1, NULL, 'Aprobado'),
(2107, 5, 'DescripciÛn delito 2107', '2019-02-20', '-34.782954', '-58.405680', '2019-02-20', '11:15:00', 1, NULL, 'Aprobado'),
(2108, 3, 'DescripciÛn delito 2108', '2019-09-22', '-34.785898', '-58.408098', '2019-09-22', '11:15:00', 1, NULL, 'Aprobado'),
(2109, 3, 'DescripciÛn delito 2109', '2019-07-28', '-34.783865', '-58.401629', '2019-07-28', '11:15:00', 1, NULL, 'Aprobado'),
(2110, 3, 'DescripciÛn delito 2110', '2019-03-07', '-34.78691', '-58.405279', '2019-03-07', '11:15:00', 1, NULL, 'Aprobado'),
(2111, 4, 'DescripciÛn delito 2111', '2019-03-03', '-34.786711', '-58.402618', '2019-03-03', '11:15:00', 1, NULL, 'Aprobado'),
(2112, 2, 'DescripciÛn delito 2112', '2019-05-13', '-34.782483', '-58.401149', '2019-05-13', '11:15:00', 1, NULL, 'Aprobado'),
(2113, 2, 'DescripciÛn delito 2113', '2019-12-07', '-34.785861', '-58.407637', '2019-12-07', '11:15:00', 1, NULL, 'Aprobado'),
(2114, 5, 'DescripciÛn delito 2114', '2019-05-17', '-34.783237', '-58.407293', '2019-05-17', '11:15:00', 1, NULL, 'Aprobado'),
(2115, 3, 'DescripciÛn delito 2115', '2019-01-04', '-34.781205', '-58.404531', '2019-01-04', '11:15:00', 1, NULL, 'Aprobado'),
(2116, 5, 'DescripciÛn delito 2116', '2019-04-02', '-34.782161', '-58.401156', '2019-04-02', '11:15:00', 1, NULL, 'Aprobado'),
(2117, 3, 'DescripciÛn delito 2117', '2019-01-01', '-34.782537', '-58.408082', '2019-01-01', '11:15:00', 1, NULL, 'Aprobado'),
(2118, 5, 'DescripciÛn delito 2118', '2019-08-11', '-34.7832', '-58.409994', '2019-08-11', '11:15:00', 1, NULL, 'Aprobado'),
(2119, 3, 'DescripciÛn delito 2119', '2019-06-29', '-34.788791', '-58.405904', '2019-06-29', '11:15:00', 1, NULL, 'Aprobado'),
(2120, 5, 'DescripciÛn delito 2120', '2019-08-24', '-34.78113', '-58.409992', '2019-08-24', '11:15:00', 1, NULL, 'Aprobado'),
(2121, 1, 'DescripciÛn delito 2121', '2019-04-10', '-34.788465', '-58.405049', '2019-04-10', '11:15:00', 1, NULL, 'Aprobado'),
(2122, 4, 'DescripciÛn delito 2122', '2019-04-06', '-34.78585', '-58.402450', '2019-04-06', '11:15:00', 1, NULL, 'Aprobado'),
(2123, 1, 'DescripciÛn delito 2123', '2019-06-25', '-34.78389', '-58.407037', '2019-06-25', '11:15:00', 1, NULL, 'Aprobado'),
(2124, 5, 'DescripciÛn delito 2124', '2019-08-16', '-34.786308', '-58.406936', '2019-08-16', '11:15:00', 1, NULL, 'Aprobado'),
(2125, 5, 'DescripciÛn delito 2125', '2019-11-26', '-34.789250', '-58.404485', '2019-11-26', '11:15:00', 1, NULL, 'Aprobado'),
(2126, 2, 'DescripciÛn delito 2126', '2019-10-01', '-34.784754', '-58.409066', '2019-10-01', '11:15:00', 1, NULL, 'Aprobado'),
(2127, 5, 'DescripciÛn delito 2127', '2019-06-14', '-34.789044', '-58.409262', '2019-06-14', '11:15:00', 1, NULL, 'Aprobado'),
(2128, 1, 'DescripciÛn delito 2128', '2019-05-25', '-34.787989', '-58.402700', '2019-05-25', '11:15:00', 1, NULL, 'Aprobado'),
(2129, 1, 'DescripciÛn delito 2129', '2019-08-24', '-34.788879', '-58.401583', '2019-08-24', '11:15:00', 1, NULL, 'Aprobado'),
(2130, 5, 'DescripciÛn delito 2130', '2019-01-04', '-34.786156', '-58.404977', '2019-01-04', '11:15:00', 1, NULL, 'Aprobado'),
(2131, 2, 'DescripciÛn delito 2131', '2019-08-01', '-34.78561', '-58.405704', '2019-08-01', '11:15:00', 1, NULL, 'Aprobado'),
(2132, 5, 'DescripciÛn delito 2132', '2019-10-24', '-34.784225', '-58.40853', '2019-10-24', '11:15:00', 1, NULL, 'Aprobado'),
(2133, 2, 'DescripciÛn delito 2133', '2019-02-25', '-34.789458', '-58.404606', '2019-02-25', '11:15:00', 1, NULL, 'Aprobado'),
(2134, 1, 'DescripciÛn delito 2134', '2019-06-09', '-34.782528', '-58.40136', '2019-06-09', '11:15:00', 1, NULL, 'Aprobado'),
(2135, 5, 'DescripciÛn delito 2135', '2019-03-23', '-34.788595', '-58.407670', '2019-03-23', '11:15:00', 1, NULL, 'Aprobado'),
(2136, 2, 'DescripciÛn delito 2136', '2019-11-17', '-34.785711', '-58.407931', '2019-11-17', '11:15:00', 1, NULL, 'Aprobado'),
(2137, 2, 'DescripciÛn delito 2137', '2019-01-24', '-34.785358', '-58.403245', '2019-01-24', '11:15:00', 1, NULL, 'Aprobado'),
(2138, 3, 'DescripciÛn delito 2138', '2019-06-26', '-34.781749', '-58.406141', '2019-06-26', '11:15:00', 1, NULL, 'Aprobado'),
(2139, 4, 'DescripciÛn delito 2139', '2019-12-04', '-34.785795', '-58.409765', '2019-12-04', '11:15:00', 1, NULL, 'Aprobado'),
(2140, 4, 'DescripciÛn delito 2140', '2019-10-25', '-34.783450', '-58.404747', '2019-10-25', '11:15:00', 1, NULL, 'Aprobado'),
(2141, 4, 'DescripciÛn delito 2141', '2019-04-07', '-34.788064', '-58.408715', '2019-04-07', '11:15:00', 1, NULL, 'Aprobado'),
(2142, 1, 'DescripciÛn delito 2142', '2019-01-19', '-34.785381', '-58.40401', '2019-01-19', '11:15:00', 1, NULL, 'Aprobado'),
(2143, 5, 'DescripciÛn delito 2143', '2019-05-06', '-34.78790', '-58.404391', '2019-05-06', '11:15:00', 1, NULL, 'Aprobado'),
(2144, 3, 'DescripciÛn delito 2144', '2019-05-11', '-34.789560', '-58.406976', '2019-05-11', '11:15:00', 1, NULL, 'Aprobado'),
(2145, 2, 'DescripciÛn delito 2145', '2019-04-10', '-34.78763', '-58.405966', '2019-04-10', '11:15:00', 1, NULL, 'Aprobado'),
(2146, 1, 'DescripciÛn delito 2146', '2019-04-29', '-34.786650', '-58.404723', '2019-04-29', '11:15:00', 1, NULL, 'Aprobado'),
(2147, 3, 'DescripciÛn delito 2147', '2019-07-20', '-34.787918', '-58.40725', '2019-07-20', '11:15:00', 1, NULL, 'Aprobado'),
(2148, 2, 'DescripciÛn delito 2148', '2019-09-22', '-34.783216', '-58.408827', '2019-09-22', '11:15:00', 1, NULL, 'Aprobado'),
(2149, 1, 'DescripciÛn delito 2149', '2019-05-10', '-34.784645', '-58.408919', '2019-05-10', '11:15:00', 1, NULL, 'Aprobado'),
(2150, 3, 'DescripciÛn delito 2150', '2019-01-17', '-34.784440', '-58.402081', '2019-01-17', '11:15:00', 1, NULL, 'Aprobado'),
(2151, 2, 'DescripciÛn delito 2151', '2019-04-29', '-34.782468', '-58.409408', '2019-04-29', '11:15:00', 1, NULL, 'Aprobado'),
(2152, 1, 'DescripciÛn delito 2152', '2019-08-14', '-34.783654', '-58.407965', '2019-08-14', '11:15:00', 1, NULL, 'Aprobado'),
(2153, 5, 'DescripciÛn delito 2153', '2019-09-27', '-34.784234', '-58.403564', '2019-09-27', '11:15:00', 1, NULL, 'Aprobado'),
(2154, 2, 'DescripciÛn delito 2154', '2019-04-02', '-34.786568', '-58.404095', '2019-04-02', '11:15:00', 1, NULL, 'Aprobado'),
(2155, 4, 'DescripciÛn delito 2155', '2019-07-19', '-34.785431', '-58.405635', '2019-07-19', '11:15:00', 1, NULL, 'Aprobado'),
(2156, 5, 'DescripciÛn delito 2156', '2019-04-12', '-34.789346', '-58.408645', '2019-04-12', '11:15:00', 1, NULL, 'Aprobado'),
(2157, 3, 'DescripciÛn delito 2157', '2019-03-27', '-34.782107', '-58.40635', '2019-03-27', '11:15:00', 1, NULL, 'Aprobado'),
(2158, 2, 'DescripciÛn delito 2158', '2019-01-01', '-34.785164', '-58.401445', '2019-01-01', '11:15:00', 1, NULL, 'Aprobado'),
(2159, 3, 'DescripciÛn delito 2159', '2019-11-12', '-34.789704', '-58.408580', '2019-11-12', '11:15:00', 1, NULL, 'Aprobado'),
(2160, 5, 'DescripciÛn delito 2160', '2019-08-02', '-34.789083', '-58.401444', '2019-08-02', '11:15:00', 1, NULL, 'Aprobado'),
(2161, 5, 'DescripciÛn delito 2161', '2019-11-02', '-34.786464', '-58.401674', '2019-11-02', '11:15:00', 1, NULL, 'Aprobado'),
(2162, 4, 'DescripciÛn delito 2162', '2019-03-15', '-34.789072', '-58.401719', '2019-03-15', '11:15:00', 1, NULL, 'Aprobado'),
(2163, 4, 'DescripciÛn delito 2163', '2019-05-13', '-34.785944', '-58.401637', '2019-05-13', '11:15:00', 1, NULL, 'Aprobado'),
(2164, 2, 'DescripciÛn delito 2164', '2019-01-21', '-34.786542', '-58.402115', '2019-01-21', '11:15:00', 1, NULL, 'Aprobado'),
(2165, 2, 'DescripciÛn delito 2165', '2019-04-15', '-34.787777', '-58.405085', '2019-04-15', '11:15:00', 1, NULL, 'Aprobado'),
(2166, 1, 'DescripciÛn delito 2166', '2019-05-02', '-34.789178', '-58.405777', '2019-05-02', '11:15:00', 1, NULL, 'Aprobado'),
(2167, 4, 'DescripciÛn delito 2167', '2019-02-19', '-34.788718', '-58.403444', '2019-02-19', '11:15:00', 1, NULL, 'Aprobado'),
(2168, 5, 'DescripciÛn delito 2168', '2019-04-16', '-34.784589', '-58.404586', '2019-04-16', '11:15:00', 1, NULL, 'Aprobado'),
(2169, 1, 'DescripciÛn delito 2169', '2019-01-26', '-34.787112', '-58.409456', '2019-01-26', '11:15:00', 1, NULL, 'Aprobado'),
(2170, 1, 'DescripciÛn delito 2170', '2019-08-22', '-34.784407', '-58.401885', '2019-08-22', '11:15:00', 1, NULL, 'Aprobado'),
(2171, 5, 'DescripciÛn delito 2171', '2019-10-20', '-34.784347', '-58.407546', '2019-10-20', '11:15:00', 1, NULL, 'Aprobado'),
(2172, 4, 'DescripciÛn delito 2172', '2019-06-08', '-34.785923', '-58.408649', '2019-06-08', '11:15:00', 1, NULL, 'Aprobado'),
(2173, 2, 'DescripciÛn delito 2173', '2019-07-22', '-34.781655', '-58.406811', '2019-07-22', '11:15:00', 1, NULL, 'Aprobado'),
(2174, 2, 'DescripciÛn delito 2174', '2019-02-11', '-34.786889', '-58.401788', '2019-02-11', '11:15:00', 1, NULL, 'Aprobado'),
(2175, 3, 'DescripciÛn delito 2175', '2019-02-26', '-34.78675', '-58.404943', '2019-02-26', '11:15:00', 1, NULL, 'Aprobado'),
(2176, 1, 'DescripciÛn delito 2176', '2019-09-04', '-34.786981', '-58.403851', '2019-09-04', '11:15:00', 1, NULL, 'Aprobado'),
(2177, 2, 'DescripciÛn delito 2177', '2019-09-20', '-34.784834', '-58.405696', '2019-09-20', '11:15:00', 1, NULL, 'Aprobado'),
(2178, 3, 'DescripciÛn delito 2178', '2019-10-09', '-34.785681', '-58.406506', '2019-10-09', '11:15:00', 1, NULL, 'Aprobado'),
(2179, 2, 'DescripciÛn delito 2179', '2019-12-11', '-34.782728', '-58.408273', '2019-12-11', '11:15:00', 1, NULL, 'Aprobado'),
(2180, 5, 'DescripciÛn delito 2180', '2019-09-16', '-34.785330', '-58.401502', '2019-09-16', '11:15:00', 1, NULL, 'Aprobado'),
(2181, 2, 'DescripciÛn delito 2181', '2019-10-15', '-34.784010', '-58.407992', '2019-10-15', '11:15:00', 1, NULL, 'Aprobado'),
(2182, 1, 'DescripciÛn delito 2182', '2019-09-22', '-34.787829', '-58.401363', '2019-09-22', '11:15:00', 1, NULL, 'Aprobado'),
(2183, 4, 'DescripciÛn delito 2183', '2019-04-21', '-34.789716', '-58.403704', '2019-04-21', '11:15:00', 1, NULL, 'Aprobado'),
(2184, 1, 'DescripciÛn delito 2184', '2019-06-10', '-34.783267', '-58.404553', '2019-06-10', '11:15:00', 1, NULL, 'Aprobado'),
(2185, 5, 'DescripciÛn delito 2185', '2019-03-14', '-34.781623', '-58.404335', '2019-03-14', '11:15:00', 1, NULL, 'Aprobado'),
(2186, 1, 'DescripciÛn delito 2186', '2019-06-06', '-34.788018', '-58.407885', '2019-06-06', '11:15:00', 1, NULL, 'Aprobado'),
(2187, 2, 'DescripciÛn delito 2187', '2019-09-22', '-34.78539', '-58.408063', '2019-09-22', '11:15:00', 1, NULL, 'Aprobado'),
(2188, 4, 'DescripciÛn delito 2188', '2019-08-16', '-34.781639', '-58.403568', '2019-08-16', '11:15:00', 1, NULL, 'Aprobado'),
(2189, 1, 'DescripciÛn delito 2189', '2019-11-20', '-34.78713', '-58.409321', '2019-11-20', '11:15:00', 1, NULL, 'Aprobado'),
(2190, 3, 'DescripciÛn delito 2190', '2019-11-02', '-34.78723', '-58.401665', '2019-11-02', '11:15:00', 1, NULL, 'Aprobado'),
(2191, 3, 'DescripciÛn delito 2191', '2019-02-15', '-34.78294', '-58.404281', '2019-02-15', '11:15:00', 1, NULL, 'Aprobado'),
(2192, 2, 'DescripciÛn delito 2192', '2019-03-02', '-34.782922', '-58.406033', '2019-03-02', '11:15:00', 1, NULL, 'Aprobado'),
(2193, 3, 'DescripciÛn delito 2193', '2019-04-19', '-34.784549', '-58.401856', '2019-04-19', '11:15:00', 1, NULL, 'Aprobado'),
(2194, 5, 'DescripciÛn delito 2194', '2019-10-01', '-34.788088', '-58.404500', '2019-10-01', '11:15:00', 1, NULL, 'Aprobado'),
(2195, 3, 'DescripciÛn delito 2195', '2019-06-27', '-34.783380', '-58.409741', '2019-06-27', '11:15:00', 1, NULL, 'Aprobado'),
(2196, 1, 'DescripciÛn delito 2196', '2019-06-02', '-34.785952', '-58.409179', '2019-06-02', '11:15:00', 1, NULL, 'Aprobado'),
(2197, 4, 'DescripciÛn delito 2197', '2019-11-28', '-34.787072', '-58.409307', '2019-11-28', '11:15:00', 1, NULL, 'Aprobado'),
(2198, 3, 'DescripciÛn delito 2198', '2019-07-06', '-34.78675', '-58.408072', '2019-07-06', '11:15:00', 1, NULL, 'Aprobado'),
(2199, 5, 'DescripciÛn delito 2199', '2019-06-01', '-34.784634', '-58.403659', '2019-06-01', '11:15:00', 1, NULL, 'Aprobado'),
(2200, 4, 'DescripciÛn delito 2200', '2019-08-17', '-34.789176', '-58.405890', '2019-08-17', '11:15:00', 1, NULL, 'Aprobado'),
(2201, 5, 'DescripciÛn delito 2201', '2019-08-28', '-34.783087', '-58.409700', '2019-08-28', '11:15:00', 1, NULL, 'Aprobado'),
(2202, 5, 'DescripciÛn delito 2202', '2019-06-17', '-34.785645', '-58.403988', '2019-06-17', '11:15:00', 1, NULL, 'Aprobado'),
(2203, 1, 'DescripciÛn delito 2203', '2019-08-28', '-34.789446', '-58.404102', '2019-08-28', '11:15:00', 1, NULL, 'Aprobado'),
(2204, 1, 'DescripciÛn delito 2204', '2019-01-29', '-34.782183', '-58.401440', '2019-01-29', '11:15:00', 1, NULL, 'Aprobado'),
(2205, 4, 'DescripciÛn delito 2205', '2019-04-27', '-34.785859', '-58.401766', '2019-04-27', '11:15:00', 1, NULL, 'Aprobado'),
(2206, 1, 'DescripciÛn delito 2206', '2019-08-12', '-34.785203', '-58.409279', '2019-08-12', '11:15:00', 1, NULL, 'Aprobado'),
(2207, 4, 'DescripciÛn delito 2207', '2019-01-03', '-34.788051', '-58.407994', '2019-01-03', '11:15:00', 1, NULL, 'Aprobado'),
(2208, 4, 'DescripciÛn delito 2208', '2019-10-07', '-34.781793', '-58.408279', '2019-10-07', '11:15:00', 1, NULL, 'Aprobado'),
(2209, 5, 'DescripciÛn delito 2209', '2019-06-08', '-34.783837', '-58.408109', '2019-06-08', '11:15:00', 1, NULL, 'Aprobado'),
(2210, 1, 'DescripciÛn delito 2210', '2019-10-03', '-34.781287', '-58.403659', '2019-10-03', '11:15:00', 1, NULL, 'Aprobado'),
(2211, 1, 'DescripciÛn delito 2211', '2019-11-25', '-34.78145', '-58.408293', '2019-11-25', '11:15:00', 1, NULL, 'Aprobado'),
(2212, 3, 'DescripciÛn delito 2212', '2019-04-19', '-34.787017', '-58.408270', '2019-04-19', '11:15:00', 1, NULL, 'Aprobado'),
(2213, 4, 'DescripciÛn delito 2213', '2019-08-08', '-34.783708', '-58.407014', '2019-08-08', '11:15:00', 1, NULL, 'Aprobado'),
(2214, 1, 'DescripciÛn delito 2214', '2019-09-20', '-34.787189', '-58.406560', '2019-09-20', '11:15:00', 1, NULL, 'Aprobado'),
(2215, 1, 'DescripciÛn delito 2215', '2019-04-04', '-34.783384', '-58.403331', '2019-04-04', '11:15:00', 1, NULL, 'Aprobado'),
(2216, 3, 'DescripciÛn delito 2216', '2019-10-12', '-34.788637', '-58.404294', '2019-10-12', '11:15:00', 1, NULL, 'Aprobado'),
(2217, 1, 'DescripciÛn delito 2217', '2019-04-14', '-34.78706', '-58.403083', '2019-04-14', '11:15:00', 1, NULL, 'Aprobado'),
(2218, 3, 'DescripciÛn delito 2218', '2019-08-23', '-34.783776', '-58.408650', '2019-08-23', '11:15:00', 1, NULL, 'Aprobado'),
(2219, 3, 'DescripciÛn delito 2219', '2019-04-20', '-34.784604', '-58.406779', '2019-04-20', '11:15:00', 1, NULL, 'Aprobado'),
(2220, 4, 'DescripciÛn delito 2220', '2019-10-29', '-34.786455', '-58.405959', '2019-10-29', '11:15:00', 1, NULL, 'Aprobado'),
(2221, 3, 'DescripciÛn delito 2221', '2019-02-06', '-34.789083', '-58.408849', '2019-02-06', '11:15:00', 1, NULL, 'Aprobado'),
(2222, 1, 'DescripciÛn delito 2222', '2019-03-24', '-34.788109', '-58.401494', '2019-03-24', '11:15:00', 1, NULL, 'Aprobado'),
(2223, 5, 'DescripciÛn delito 2223', '2019-07-21', '-34.785537', '-58.403141', '2019-07-21', '11:15:00', 1, NULL, 'Aprobado'),
(2224, 5, 'DescripciÛn delito 2224', '2019-09-02', '-34.785305', '-58.40671', '2019-09-02', '11:15:00', 1, NULL, 'Aprobado'),
(2225, 4, 'DescripciÛn delito 2225', '2019-03-20', '-34.787442', '-58.408426', '2019-03-20', '11:15:00', 1, NULL, 'Aprobado'),
(2226, 1, 'DescripciÛn delito 2226', '2019-01-18', '-34.789700', '-58.409915', '2019-01-18', '11:15:00', 1, NULL, 'Aprobado'),
(2227, 4, 'DescripciÛn delito 2227', '2019-09-04', '-34.781550', '-58.401943', '2019-09-04', '11:15:00', 1, NULL, 'Aprobado'),
(2228, 5, 'DescripciÛn delito 2228', '2019-07-27', '-34.789634', '-58.409157', '2019-07-27', '11:15:00', 1, NULL, 'Aprobado'),
(2229, 4, 'DescripciÛn delito 2229', '2019-02-11', '-34.782198', '-58.405906', '2019-02-11', '11:15:00', 1, NULL, 'Aprobado'),
(2230, 2, 'DescripciÛn delito 2230', '2019-09-21', '-34.785179', '-58.403644', '2019-09-21', '11:15:00', 1, NULL, 'Aprobado'),
(2231, 4, 'DescripciÛn delito 2231', '2019-02-02', '-34.785749', '-58.405333', '2019-02-02', '11:15:00', 1, NULL, 'Aprobado'),
(2232, 4, 'DescripciÛn delito 2232', '2019-02-01', '-34.783676', '-58.407318', '2019-02-01', '11:15:00', 1, NULL, 'Aprobado'),
(2233, 3, 'DescripciÛn delito 2233', '2019-04-07', '-34.78520', '-58.406512', '2019-04-07', '11:15:00', 1, NULL, 'Aprobado'),
(2234, 1, 'DescripciÛn delito 2234', '2019-08-14', '-34.783659', '-58.404773', '2019-08-14', '11:15:00', 1, NULL, 'Aprobado'),
(2235, 1, 'DescripciÛn delito 2235', '2019-04-10', '-34.785262', '-58.409131', '2019-04-10', '11:15:00', 1, NULL, 'Aprobado'),
(2236, 4, 'DescripciÛn delito 2236', '2019-09-26', '-34.786955', '-58.404572', '2019-09-26', '11:15:00', 1, NULL, 'Aprobado'),
(2237, 5, 'DescripciÛn delito 2237', '2019-10-23', '-34.788437', '-58.403161', '2019-10-23', '11:15:00', 1, NULL, 'Aprobado'),
(2238, 4, 'DescripciÛn delito 2238', '2019-10-21', '-34.786310', '-58.407993', '2019-10-21', '11:15:00', 1, NULL, 'Aprobado'),
(2239, 2, 'DescripciÛn delito 2239', '2019-01-12', '-34.787811', '-58.408306', '2019-01-12', '11:15:00', 1, NULL, 'Aprobado'),
(2240, 2, 'DescripciÛn delito 2240', '2019-08-16', '-34.784363', '-58.40569', '2019-08-16', '11:15:00', 1, NULL, 'Aprobado'),
(2241, 5, 'DescripciÛn delito 2241', '2019-08-02', '-34.787197', '-58.401548', '2019-08-02', '11:15:00', 1, NULL, 'Aprobado'),
(2242, 4, 'DescripciÛn delito 2242', '2019-04-11', '-34.785776', '-58.409511', '2019-04-11', '11:15:00', 1, NULL, 'Aprobado'),
(2243, 2, 'DescripciÛn delito 2243', '2019-11-28', '-34.784711', '-58.405440', '2019-11-28', '11:15:00', 1, NULL, 'Aprobado'),
(2244, 4, 'DescripciÛn delito 2244', '2019-06-21', '-34.784531', '-58.40174', '2019-06-21', '11:15:00', 1, NULL, 'Aprobado'),
(2245, 5, 'DescripciÛn delito 2245', '2019-10-19', '-34.789765', '-58.404665', '2019-10-19', '11:15:00', 1, NULL, 'Aprobado'),
(2246, 5, 'DescripciÛn delito 2246', '2019-07-26', '-34.78164', '-58.405438', '2019-07-26', '11:15:00', 1, NULL, 'Aprobado'),
(2247, 3, 'DescripciÛn delito 2247', '2019-08-04', '-34.783019', '-58.40420', '2019-08-04', '11:15:00', 1, NULL, 'Aprobado'),
(2248, 5, 'DescripciÛn delito 2248', '2019-09-11', '-34.788761', '-58.408080', '2019-09-11', '11:15:00', 1, NULL, 'Aprobado'),
(2249, 2, 'DescripciÛn delito 2249', '2019-05-13', '-34.789911', '-58.406853', '2019-05-13', '11:15:00', 1, NULL, 'Aprobado'),
(2250, 3, 'DescripciÛn delito 2250', '2019-07-27', '-34.783534', '-58.407498', '2019-07-27', '11:15:00', 1, NULL, 'Aprobado'),
(2251, 3, 'DescripciÛn delito 2251', '2019-02-21', '-34.783135', '-58.408444', '2019-02-21', '11:15:00', 1, NULL, 'Aprobado'),
(2252, 3, 'DescripciÛn delito 2252', '2019-07-28', '-34.787060', '-58.407291', '2019-07-28', '11:15:00', 1, NULL, 'Aprobado'),
(2253, 5, 'DescripciÛn delito 2253', '2019-05-27', '-34.788839', '-58.409287', '2019-05-27', '11:15:00', 1, NULL, 'Aprobado'),
(2254, 2, 'DescripciÛn delito 2254', '2019-05-27', '-34.788505', '-58.40888', '2019-05-27', '11:15:00', 1, NULL, 'Aprobado'),
(2255, 5, 'DescripciÛn delito 2255', '2019-01-10', '-34.782117', '-58.401272', '2019-01-10', '11:15:00', 1, NULL, 'Aprobado'),
(2256, 2, 'DescripciÛn delito 2256', '2019-11-16', '-34.784378', '-58.40358', '2019-11-16', '11:15:00', 1, NULL, 'Aprobado'),
(2257, 5, 'DescripciÛn delito 2257', '2019-10-23', '-34.788333', '-58.404638', '2019-10-23', '11:15:00', 1, NULL, 'Aprobado'),
(2258, 5, 'DescripciÛn delito 2258', '2019-06-01', '-34.788467', '-58.407105', '2019-06-01', '11:15:00', 1, NULL, 'Aprobado'),
(2259, 3, 'DescripciÛn delito 2259', '2019-08-19', '-34.78780', '-58.402500', '2019-08-19', '11:15:00', 1, NULL, 'Aprobado'),
(2260, 3, 'DescripciÛn delito 2260', '2019-10-08', '-34.78723', '-58.407985', '2019-10-08', '11:15:00', 1, NULL, 'Aprobado'),
(2261, 2, 'DescripciÛn delito 2261', '2019-09-16', '-34.783113', '-58.404773', '2019-09-16', '11:15:00', 1, NULL, 'Aprobado'),
(2262, 1, 'DescripciÛn delito 2262', '2019-01-07', '-34.785824', '-58.402512', '2019-01-07', '11:15:00', 1, NULL, 'Aprobado'),
(2263, 3, 'DescripciÛn delito 2263', '2019-06-25', '-34.787317', '-58.403247', '2019-06-25', '11:15:00', 1, NULL, 'Aprobado'),
(2264, 2, 'DescripciÛn delito 2264', '2019-10-18', '-34.782445', '-58.403479', '2019-10-18', '11:15:00', 1, NULL, 'Aprobado'),
(2265, 3, 'DescripciÛn delito 2265', '2019-12-17', '-34.786490', '-58.407831', '2019-12-17', '11:15:00', 1, NULL, 'Aprobado'),
(2266, 5, 'DescripciÛn delito 2266', '2019-08-09', '-34.781922', '-58.405200', '2019-08-09', '11:15:00', 1, NULL, 'Aprobado'),
(2267, 2, 'DescripciÛn delito 2267', '2019-09-29', '-34.784653', '-58.404197', '2019-09-29', '11:15:00', 1, NULL, 'Aprobado'),
(2268, 4, 'DescripciÛn delito 2268', '2019-11-13', '-34.786641', '-58.40818', '2019-11-13', '11:15:00', 1, NULL, 'Aprobado'),
(2269, 2, 'DescripciÛn delito 2269', '2019-03-24', '-34.786379', '-58.402270', '2019-03-24', '11:15:00', 1, NULL, 'Aprobado'),
(2270, 4, 'DescripciÛn delito 2270', '2019-01-08', '-34.784774', '-58.401889', '2019-01-08', '11:15:00', 1, NULL, 'Aprobado'),
(2271, 4, 'DescripciÛn delito 2271', '2019-01-26', '-34.783351', '-58.404281', '2019-01-26', '11:15:00', 1, NULL, 'Aprobado'),
(2272, 1, 'DescripciÛn delito 2272', '2019-05-19', '-34.783840', '-58.406131', '2019-05-19', '11:15:00', 1, NULL, 'Aprobado'),
(2273, 1, 'DescripciÛn delito 2273', '2019-01-10', '-34.787565', '-58.404959', '2019-01-10', '11:15:00', 1, NULL, 'Aprobado'),
(2274, 1, 'DescripciÛn delito 2274', '2019-07-25', '-34.783855', '-58.401442', '2019-07-25', '11:15:00', 1, NULL, 'Aprobado'),
(2275, 3, 'DescripciÛn delito 2275', '2019-03-08', '-34.78740', '-58.404205', '2019-03-08', '11:15:00', 1, NULL, 'Aprobado'),
(2276, 1, 'DescripciÛn delito 2276', '2019-11-15', '-34.781336', '-58.408967', '2019-11-15', '11:15:00', 1, NULL, 'Aprobado'),
(2277, 3, 'DescripciÛn delito 2277', '2019-02-04', '-34.786319', '-58.405384', '2019-02-04', '11:15:00', 1, NULL, 'Aprobado'),
(2278, 5, 'DescripciÛn delito 2278', '2019-09-18', '-34.788280', '-58.409269', '2019-09-18', '11:15:00', 1, NULL, 'Aprobado'),
(2279, 2, 'DescripciÛn delito 2279', '2019-09-15', '-34.787392', '-58.402771', '2019-09-15', '11:15:00', 1, NULL, 'Aprobado'),
(2280, 1, 'DescripciÛn delito 2280', '2019-12-23', '-34.789551', '-58.40897', '2019-12-23', '11:15:00', 1, NULL, 'Aprobado'),
(2281, 1, 'DescripciÛn delito 2281', '2019-03-13', '-34.786121', '-58.402791', '2019-03-13', '11:15:00', 1, NULL, 'Aprobado'),
(2282, 5, 'DescripciÛn delito 2282', '2019-05-17', '-34.782281', '-58.409422', '2019-05-17', '11:15:00', 1, NULL, 'Aprobado'),
(2283, 3, 'DescripciÛn delito 2283', '2019-09-06', '-34.786510', '-58.402534', '2019-09-06', '11:15:00', 1, NULL, 'Aprobado'),
(2284, 4, 'DescripciÛn delito 2284', '2019-03-19', '-34.781043', '-58.403800', '2019-03-19', '11:15:00', 1, NULL, 'Aprobado'),
(2285, 2, 'DescripciÛn delito 2285', '2019-02-18', '-34.788181', '-58.401055', '2019-02-18', '11:15:00', 1, NULL, 'Aprobado'),
(2286, 2, 'DescripciÛn delito 2286', '2019-10-12', '-34.783682', '-58.408973', '2019-10-12', '11:15:00', 1, NULL, 'Aprobado'),
(2287, 1, 'DescripciÛn delito 2287', '2019-07-08', '-34.785318', '-58.4063', '2019-07-08', '11:15:00', 1, NULL, 'Aprobado'),
(2288, 1, 'DescripciÛn delito 2288', '2019-01-25', '-34.786855', '-58.402743', '2019-01-25', '11:15:00', 1, NULL, 'Aprobado'),
(2289, 2, 'DescripciÛn delito 2289', '2019-05-04', '-34.783674', '-58.401639', '2019-05-04', '11:15:00', 1, NULL, 'Aprobado'),
(2290, 3, 'DescripciÛn delito 2290', '2019-01-03', '-34.785112', '-58.401717', '2019-01-03', '11:15:00', 1, NULL, 'Aprobado'),
(2291, 5, 'DescripciÛn delito 2291', '2019-07-07', '-34.783053', '-58.409637', '2019-07-07', '11:15:00', 1, NULL, 'Aprobado'),
(2292, 1, 'DescripciÛn delito 2292', '2019-06-27', '-34.786567', '-58.407088', '2019-06-27', '11:15:00', 1, NULL, 'Aprobado'),
(2293, 4, 'DescripciÛn delito 2293', '2019-03-26', '-34.787826', '-58.406639', '2019-03-26', '11:15:00', 1, NULL, 'Aprobado'),
(2294, 5, 'DescripciÛn delito 2294', '2019-02-14', '-34.784897', '-58.408298', '2019-02-14', '11:15:00', 1, NULL, 'Aprobado'),
(2295, 3, 'DescripciÛn delito 2295', '2019-10-06', '-34.784567', '-58.404440', '2019-10-06', '11:15:00', 1, NULL, 'Aprobado'),
(2296, 1, 'DescripciÛn delito 2296', '2019-10-28', '-34.787856', '-58.406859', '2019-10-28', '11:15:00', 1, NULL, 'Aprobado'),
(2297, 2, 'DescripciÛn delito 2297', '2019-01-10', '-34.784894', '-58.406562', '2019-01-10', '11:15:00', 1, NULL, 'Aprobado'),
(2298, 2, 'DescripciÛn delito 2298', '2019-07-21', '-34.782208', '-58.407580', '2019-07-21', '11:15:00', 1, NULL, 'Aprobado'),
(2299, 5, 'DescripciÛn delito 2299', '2019-08-13', '-34.786151', '-58.403532', '2019-08-13', '11:15:00', 1, NULL, 'Aprobado'),
(2300, 4, 'DescripciÛn delito 2300', '2019-12-22', '-34.783290', '-58.404487', '2019-12-22', '11:15:00', 1, NULL, 'Aprobado'),
(2301, 4, 'DescripciÛn delito 2301', '2019-01-17', '-34.785389', '-58.406643', '2019-01-17', '11:15:00', 1, NULL, 'Aprobado'),
(2302, 2, 'DescripciÛn delito 2302', '2019-06-13', '-34.786433', '-58.401626', '2019-06-13', '11:15:00', 1, NULL, 'Aprobado'),
(2303, 4, 'DescripciÛn delito 2303', '2019-01-25', '-34.782996', '-58.408131', '2019-01-25', '11:15:00', 1, NULL, 'Aprobado'),
(2304, 4, 'DescripciÛn delito 2304', '2019-02-14', '-34.788723', '-58.402886', '2019-02-14', '11:15:00', 1, NULL, 'Aprobado'),
(2305, 5, 'DescripciÛn delito 2305', '2019-09-16', '-34.787752', '-58.408934', '2019-09-16', '11:15:00', 1, NULL, 'Aprobado'),
(2306, 5, 'DescripciÛn delito 2306', '2019-07-04', '-34.783206', '-58.403485', '2019-07-04', '11:15:00', 1, NULL, 'Aprobado'),
(2307, 2, 'DescripciÛn delito 2307', '2019-09-22', '-34.786234', '-58.401295', '2019-09-22', '11:15:00', 1, NULL, 'Aprobado'),
(2308, 2, 'DescripciÛn delito 2308', '2019-09-06', '-34.782033', '-58.408134', '2019-09-06', '11:15:00', 1, NULL, 'Aprobado'),
(2309, 1, 'DescripciÛn delito 2309', '2019-07-06', '-34.788953', '-58.409906', '2019-07-06', '11:15:00', 1, NULL, 'Aprobado'),
(2310, 1, 'DescripciÛn delito 2310', '2019-02-14', '-34.784215', '-58.407255', '2019-02-14', '11:15:00', 1, NULL, 'Aprobado'),
(2311, 4, 'DescripciÛn delito 2311', '2019-11-08', '-34.789410', '-58.401173', '2019-11-08', '11:15:00', 1, NULL, 'Aprobado'),
(2312, 3, 'DescripciÛn delito 2312', '2019-04-13', '-34.784938', '-58.40488', '2019-04-13', '11:15:00', 1, NULL, 'Aprobado'),
(2313, 2, 'DescripciÛn delito 2313', '2019-03-06', '-34.786358', '-58.403290', '2019-03-06', '11:15:00', 1, NULL, 'Aprobado'),
(2314, 4, 'DescripciÛn delito 2314', '2019-10-12', '-34.782536', '-58.408788', '2019-10-12', '11:15:00', 1, NULL, 'Aprobado'),
(2315, 1, 'DescripciÛn delito 2315', '2019-11-13', '-34.788289', '-58.406422', '2019-11-13', '11:15:00', 1, NULL, 'Aprobado'),
(2316, 2, 'DescripciÛn delito 2316', '2019-02-09', '-34.781164', '-58.407835', '2019-02-09', '11:15:00', 1, NULL, 'Aprobado'),
(2317, 1, 'DescripciÛn delito 2317', '2019-03-15', '-34.788123', '-58.408839', '2019-03-15', '11:15:00', 1, NULL, 'Aprobado'),
(2318, 2, 'DescripciÛn delito 2318', '2019-06-28', '-34.783085', '-58.402511', '2019-06-28', '11:15:00', 1, NULL, 'Aprobado'),
(2319, 5, 'DescripciÛn delito 2319', '2019-01-23', '-34.788459', '-58.402590', '2019-01-23', '11:15:00', 1, NULL, 'Aprobado'),
(2320, 3, 'DescripciÛn delito 2320', '2019-11-19', '-34.789909', '-58.406097', '2019-11-19', '11:15:00', 1, NULL, 'Aprobado');
INSERT INTO `crime` (`ID_crime`, `type_crime_id`, `crime_description`, `date_register`, `latitude`, `longitude`, `date_crime`, `hour_crime`, `zone_id`, `address`, `status`) VALUES
(2321, 2, 'DescripciÛn delito 2321', '2019-11-19', '-34.782986', '-58.406576', '2019-11-19', '11:15:00', 1, NULL, 'Aprobado'),
(2322, 2, 'DescripciÛn delito 2322', '2019-02-27', '-34.787405', '-58.402745', '2019-02-27', '11:15:00', 1, NULL, 'Aprobado'),
(2323, 4, 'DescripciÛn delito 2323', '2019-04-15', '-34.782702', '-58.408829', '2019-04-15', '11:15:00', 1, NULL, 'Aprobado'),
(2324, 5, 'DescripciÛn delito 2324', '2019-07-16', '-34.781018', '-58.409933', '2019-07-16', '11:15:00', 1, NULL, 'Aprobado'),
(2325, 3, 'DescripciÛn delito 2325', '2019-03-18', '-34.782047', '-58.403551', '2019-03-18', '11:15:00', 1, NULL, 'Aprobado'),
(2326, 4, 'DescripciÛn delito 2326', '2019-06-01', '-34.788844', '-58.409555', '2019-06-01', '11:15:00', 1, NULL, 'Aprobado'),
(2327, 1, 'DescripciÛn delito 2327', '2019-12-28', '-34.784209', '-58.408964', '2019-12-28', '11:15:00', 1, NULL, 'Aprobado'),
(2328, 1, 'DescripciÛn delito 2328', '2019-10-28', '-34.782922', '-58.403664', '2019-10-28', '11:15:00', 1, NULL, 'Aprobado'),
(2329, 4, 'DescripciÛn delito 2329', '2019-11-22', '-34.783331', '-58.403321', '2019-11-22', '11:15:00', 1, NULL, 'Aprobado'),
(2330, 2, 'DescripciÛn delito 2330', '2019-11-16', '-34.785790', '-58.406629', '2019-11-16', '11:15:00', 1, NULL, 'Aprobado'),
(2331, 3, 'DescripciÛn delito 2331', '2019-09-23', '-34.78817', '-58.406561', '2019-09-23', '11:15:00', 1, NULL, 'Aprobado'),
(2332, 4, 'DescripciÛn delito 2332', '2019-09-25', '-34.788542', '-58.404699', '2019-09-25', '11:15:00', 1, NULL, 'Aprobado'),
(2333, 4, 'DescripciÛn delito 2333', '2019-05-02', '-34.786998', '-58.404520', '2019-05-02', '11:15:00', 1, NULL, 'Aprobado'),
(2334, 3, 'DescripciÛn delito 2334', '2019-03-11', '-34.787830', '-58.407006', '2019-03-11', '11:15:00', 1, NULL, 'Aprobado'),
(2335, 2, 'DescripciÛn delito 2335', '2019-08-06', '-34.788227', '-58.401847', '2019-08-06', '11:15:00', 1, NULL, 'Aprobado'),
(2336, 2, 'DescripciÛn delito 2336', '2019-09-28', '-34.783373', '-58.40573', '2019-09-28', '11:15:00', 1, NULL, 'Aprobado'),
(2337, 2, 'DescripciÛn delito 2337', '2019-04-09', '-34.788312', '-58.403206', '2019-04-09', '11:15:00', 1, NULL, 'Aprobado'),
(2338, 2, 'DescripciÛn delito 2338', '2019-09-25', '-34.783011', '-58.407598', '2019-09-25', '11:15:00', 1, NULL, 'Aprobado'),
(2339, 4, 'DescripciÛn delito 2339', '2019-09-14', '-34.784397', '-58.401067', '2019-09-14', '11:15:00', 1, NULL, 'Aprobado'),
(2340, 1, 'DescripciÛn delito 2340', '2019-07-08', '-34.789950', '-58.40744', '2019-07-08', '11:15:00', 1, NULL, 'Aprobado'),
(2341, 5, 'DescripciÛn delito 2341', '2019-09-19', '-34.782064', '-58.405029', '2019-09-19', '11:15:00', 1, NULL, 'Aprobado'),
(2342, 4, 'DescripciÛn delito 2342', '2019-08-09', '-34.789346', '-58.404548', '2019-08-09', '11:15:00', 1, NULL, 'Aprobado'),
(2343, 4, 'DescripciÛn delito 2343', '2019-02-07', '-34.787558', '-58.409641', '2019-02-07', '11:15:00', 1, NULL, 'Aprobado'),
(2344, 3, 'DescripciÛn delito 2344', '2019-09-28', '-34.782858', '-58.405430', '2019-09-28', '11:15:00', 1, NULL, 'Aprobado'),
(2345, 3, 'DescripciÛn delito 2345', '2019-04-17', '-34.781264', '-58.401852', '2019-04-17', '11:15:00', 1, NULL, 'Aprobado'),
(2346, 3, 'DescripciÛn delito 2346', '2019-01-07', '-34.784524', '-58.406854', '2019-01-07', '11:15:00', 1, NULL, 'Aprobado'),
(2347, 4, 'DescripciÛn delito 2347', '2019-12-02', '-34.784382', '-58.409288', '2019-12-02', '11:15:00', 1, NULL, 'Aprobado'),
(2348, 2, 'DescripciÛn delito 2348', '2019-06-07', '-34.787159', '-58.408361', '2019-06-07', '11:15:00', 1, NULL, 'Aprobado'),
(2349, 4, 'DescripciÛn delito 2349', '2019-12-07', '-34.784528', '-58.40325', '2019-12-07', '11:15:00', 1, NULL, 'Aprobado'),
(2350, 4, 'DescripciÛn delito 2350', '2019-04-25', '-34.785992', '-58.401352', '2019-04-25', '11:15:00', 1, NULL, 'Aprobado'),
(2351, 3, 'DescripciÛn delito 2351', '2019-02-21', '-34.782062', '-58.405406', '2019-02-21', '11:15:00', 1, NULL, 'Aprobado'),
(2352, 5, 'DescripciÛn delito 2352', '2019-06-05', '-34.789048', '-58.40883', '2019-06-05', '11:15:00', 1, NULL, 'Aprobado'),
(2353, 3, 'DescripciÛn delito 2353', '2019-05-23', '-34.786239', '-58.401452', '2019-05-23', '11:15:00', 1, NULL, 'Aprobado'),
(2354, 3, 'DescripciÛn delito 2354', '2019-01-07', '-34.787475', '-58.402903', '2019-01-07', '11:15:00', 1, NULL, 'Aprobado'),
(2355, 4, 'DescripciÛn delito 2355', '2019-03-18', '-34.785560', '-58.406825', '2019-03-18', '11:15:00', 1, NULL, 'Aprobado'),
(2356, 4, 'DescripciÛn delito 2356', '2019-03-02', '-34.787513', '-58.402842', '2019-03-02', '11:15:00', 1, NULL, 'Aprobado'),
(2357, 3, 'DescripciÛn delito 2357', '2019-04-27', '-34.788162', '-58.408048', '2019-04-27', '11:15:00', 1, NULL, 'Aprobado'),
(2358, 1, 'DescripciÛn delito 2358', '2019-09-15', '-34.783811', '-58.403069', '2019-09-15', '11:15:00', 1, NULL, 'Aprobado'),
(2359, 4, 'DescripciÛn delito 2359', '2019-11-07', '-34.786766', '-58.405453', '2019-11-07', '11:15:00', 1, NULL, 'Aprobado'),
(2360, 2, 'DescripciÛn delito 2360', '2019-09-20', '-34.781824', '-58.409371', '2019-09-20', '11:15:00', 1, NULL, 'Aprobado'),
(2361, 4, 'DescripciÛn delito 2361', '2019-10-25', '-34.786058', '-58.408485', '2019-10-25', '11:15:00', 1, NULL, 'Aprobado'),
(2362, 3, 'DescripciÛn delito 2362', '2019-10-06', '-34.789926', '-58.408609', '2019-10-06', '11:15:00', 1, NULL, 'Aprobado'),
(2363, 5, 'DescripciÛn delito 2363', '2019-09-05', '-34.782748', '-58.401446', '2019-09-05', '11:15:00', 1, NULL, 'Aprobado'),
(2364, 1, 'DescripciÛn delito 2364', '2019-10-19', '-34.786443', '-58.407026', '2019-10-19', '11:15:00', 1, NULL, 'Aprobado'),
(2365, 1, 'DescripciÛn delito 2365', '2019-01-29', '-34.787489', '-58.404944', '2019-01-29', '11:15:00', 1, NULL, 'Aprobado'),
(2366, 5, 'DescripciÛn delito 2366', '2019-05-17', '-34.787093', '-58.408858', '2019-05-17', '11:15:00', 1, NULL, 'Aprobado'),
(2367, 3, 'DescripciÛn delito 2367', '2019-05-11', '-34.781822', '-58.407498', '2019-05-11', '11:15:00', 1, NULL, 'Aprobado'),
(2368, 1, 'DescripciÛn delito 2368', '2019-05-14', '-34.78944', '-58.404420', '2019-05-14', '11:15:00', 1, NULL, 'Aprobado'),
(2369, 5, 'DescripciÛn delito 2369', '2019-01-26', '-34.788736', '-58.401989', '2019-01-26', '11:15:00', 1, NULL, 'Aprobado'),
(2370, 2, 'DescripciÛn delito 2370', '2019-05-19', '-34.788124', '-58.409794', '2019-05-19', '11:15:00', 1, NULL, 'Aprobado'),
(2371, 4, 'DescripciÛn delito 2371', '2019-10-05', '-34.784200', '-58.407617', '2019-10-05', '11:15:00', 1, NULL, 'Aprobado'),
(2372, 4, 'DescripciÛn delito 2372', '2019-08-11', '-34.788833', '-58.402681', '2019-08-11', '11:15:00', 1, NULL, 'Aprobado'),
(2373, 1, 'DescripciÛn delito 2373', '2019-03-06', '-34.785567', '-58.403293', '2019-03-06', '11:15:00', 1, NULL, 'Aprobado'),
(2374, 1, 'DescripciÛn delito 2374', '2019-04-26', '-34.788755', '-58.408190', '2019-04-26', '11:15:00', 1, NULL, 'Aprobado'),
(2375, 1, 'DescripciÛn delito 2375', '2019-11-01', '-34.781604', '-58.405255', '2019-11-01', '11:15:00', 1, NULL, 'Aprobado'),
(2376, 4, 'DescripciÛn delito 2376', '2019-09-22', '-34.785167', '-58.404172', '2019-09-22', '11:15:00', 1, NULL, 'Aprobado'),
(2377, 3, 'DescripciÛn delito 2377', '2019-03-18', '-34.783436', '-58.405018', '2019-03-18', '11:15:00', 1, NULL, 'Aprobado'),
(2378, 4, 'DescripciÛn delito 2378', '2019-06-10', '-34.781292', '-58.407068', '2019-06-10', '11:15:00', 1, NULL, 'Aprobado'),
(2379, 1, 'DescripciÛn delito 2379', '2019-11-03', '-34.782763', '-58.407149', '2019-11-03', '11:15:00', 1, NULL, 'Aprobado'),
(2380, 1, 'DescripciÛn delito 2380', '2019-04-12', '-34.784447', '-58.404678', '2019-04-12', '11:15:00', 1, NULL, 'Aprobado'),
(2381, 2, 'DescripciÛn delito 2381', '2019-10-05', '-34.781915', '-58.40210', '2019-10-05', '11:15:00', 1, NULL, 'Aprobado'),
(2382, 1, 'DescripciÛn delito 2382', '2019-06-08', '-34.784214', '-58.408924', '2019-06-08', '11:15:00', 1, NULL, 'Aprobado'),
(2383, 2, 'DescripciÛn delito 2383', '2019-06-28', '-34.786257', '-58.403744', '2019-06-28', '11:15:00', 1, NULL, 'Aprobado'),
(2384, 5, 'DescripciÛn delito 2384', '2019-08-25', '-34.781212', '-58.409580', '2019-08-25', '11:15:00', 1, NULL, 'Aprobado'),
(2385, 4, 'DescripciÛn delito 2385', '2019-08-11', '-34.781425', '-58.403614', '2019-08-11', '11:15:00', 1, NULL, 'Aprobado'),
(2386, 1, 'DescripciÛn delito 2386', '2019-04-06', '-34.785795', '-58.403081', '2019-04-06', '11:15:00', 1, NULL, 'Aprobado'),
(2387, 1, 'DescripciÛn delito 2387', '2019-02-16', '-34.784610', '-58.40132', '2019-02-16', '11:15:00', 1, NULL, 'Aprobado'),
(2388, 1, 'DescripciÛn delito 2388', '2019-05-15', '-34.782499', '-58.401491', '2019-05-15', '11:15:00', 1, NULL, 'Aprobado'),
(2389, 1, 'DescripciÛn delito 2389', '2019-07-27', '-34.781354', '-58.404476', '2019-07-27', '11:15:00', 1, NULL, 'Aprobado'),
(2390, 5, 'DescripciÛn delito 2390', '2019-07-15', '-34.781329', '-58.408870', '2019-07-15', '11:15:00', 1, NULL, 'Aprobado'),
(2391, 2, 'DescripciÛn delito 2391', '2019-06-15', '-34.782132', '-58.405389', '2019-06-15', '11:15:00', 1, NULL, 'Aprobado'),
(2392, 3, 'DescripciÛn delito 2392', '2019-04-16', '-34.787663', '-58.406710', '2019-04-16', '11:15:00', 1, NULL, 'Aprobado'),
(2393, 1, 'DescripciÛn delito 2393', '2019-03-23', '-34.789335', '-58.407587', '2019-03-23', '11:15:00', 1, NULL, 'Aprobado'),
(2394, 3, 'DescripciÛn delito 2394', '2019-08-18', '-34.783650', '-58.401981', '2019-08-18', '11:15:00', 1, NULL, 'Aprobado'),
(2395, 3, 'DescripciÛn delito 2395', '2019-02-27', '-34.784993', '-58.404986', '2019-02-27', '11:15:00', 1, NULL, 'Aprobado'),
(2396, 2, 'DescripciÛn delito 2396', '2019-04-24', '-34.789800', '-58.403175', '2019-04-24', '11:15:00', 1, NULL, 'Aprobado'),
(2397, 4, 'DescripciÛn delito 2397', '2019-05-08', '-34.783812', '-58.407327', '2019-05-08', '11:15:00', 1, NULL, 'Aprobado'),
(2398, 3, 'DescripciÛn delito 2398', '2019-09-26', '-34.785615', '-58.404394', '2019-09-26', '11:15:00', 1, NULL, 'Aprobado'),
(2399, 1, 'DescripciÛn delito 2399', '2019-10-02', '-34.784513', '-58.406318', '2019-10-02', '11:15:00', 1, NULL, 'Aprobado'),
(2400, 5, 'DescripciÛn delito 2400', '2019-04-03', '-34.781365', '-58.406407', '2019-04-03', '11:15:00', 1, NULL, 'Aprobado'),
(2401, 4, 'DescripciÛn delito 2401', '2019-10-02', '-34.787048', '-58.406473', '2019-10-02', '11:15:00', 1, NULL, 'Aprobado'),
(2402, 3, 'DescripciÛn delito 2402', '2019-04-13', '-34.78200', '-58.403079', '2019-04-13', '11:15:00', 1, NULL, 'Aprobado'),
(2403, 3, 'DescripciÛn delito 2403', '2019-09-02', '-34.784394', '-58.404452', '2019-09-02', '11:15:00', 1, NULL, 'Aprobado'),
(2404, 4, 'DescripciÛn delito 2404', '2019-03-27', '-34.788113', '-58.401246', '2019-03-27', '11:15:00', 1, NULL, 'Aprobado'),
(2405, 5, 'DescripciÛn delito 2405', '2019-07-15', '-34.787059', '-58.405299', '2019-07-15', '11:15:00', 1, NULL, 'Aprobado'),
(2406, 5, 'DescripciÛn delito 2406', '2019-07-26', '-34.785663', '-58.401744', '2019-07-26', '11:15:00', 1, NULL, 'Aprobado'),
(2407, 2, 'DescripciÛn delito 2407', '2019-05-25', '-34.786985', '-58.405899', '2019-05-25', '11:15:00', 1, NULL, 'Aprobado'),
(2408, 3, 'DescripciÛn delito 2408', '2019-12-14', '-34.785448', '-58.408867', '2019-12-14', '11:15:00', 1, NULL, 'Aprobado'),
(2409, 4, 'DescripciÛn delito 2409', '2019-07-22', '-34.782827', '-58.402053', '2019-07-22', '11:15:00', 1, NULL, 'Aprobado'),
(2410, 1, 'DescripciÛn delito 2410', '2019-03-24', '-34.788031', '-58.401872', '2019-03-24', '11:15:00', 1, NULL, 'Aprobado'),
(2411, 3, 'DescripciÛn delito 2411', '2019-03-14', '-34.787891', '-58.405282', '2019-03-14', '11:15:00', 1, NULL, 'Aprobado'),
(2412, 1, 'DescripciÛn delito 2412', '2019-10-13', '-34.783762', '-58.404570', '2019-10-13', '11:15:00', 1, NULL, 'Aprobado'),
(2413, 2, 'DescripciÛn delito 2413', '2019-09-03', '-34.78680', '-58.408393', '2019-09-03', '11:15:00', 1, NULL, 'Aprobado'),
(2414, 1, 'DescripciÛn delito 2414', '2019-04-18', '-34.788172', '-58.409300', '2019-04-18', '11:15:00', 1, NULL, 'Aprobado'),
(2415, 4, 'DescripciÛn delito 2415', '2019-11-20', '-34.787378', '-58.405241', '2019-11-20', '11:15:00', 1, NULL, 'Aprobado'),
(2416, 4, 'DescripciÛn delito 2416', '2019-11-07', '-34.788617', '-58.40952', '2019-11-07', '11:15:00', 1, NULL, 'Aprobado'),
(2417, 4, 'DescripciÛn delito 2417', '2019-05-05', '-34.782208', '-58.407862', '2019-05-05', '11:15:00', 1, NULL, 'Aprobado'),
(2418, 1, 'DescripciÛn delito 2418', '2019-03-12', '-34.788586', '-58.403531', '2019-03-12', '11:15:00', 1, NULL, 'Aprobado'),
(2419, 1, 'DescripciÛn delito 2419', '2019-01-14', '-34.785559', '-58.405236', '2019-01-14', '11:15:00', 1, NULL, 'Aprobado'),
(2420, 4, 'DescripciÛn delito 2420', '2019-05-05', '-34.784223', '-58.403619', '2019-05-05', '11:15:00', 1, NULL, 'Aprobado'),
(2421, 2, 'DescripciÛn delito 2421', '2019-03-28', '-34.785719', '-58.407292', '2019-03-28', '11:15:00', 1, NULL, 'Aprobado'),
(2422, 3, 'DescripciÛn delito 2422', '2019-09-18', '-34.784793', '-58.401577', '2019-09-18', '11:15:00', 1, NULL, 'Aprobado'),
(2423, 3, 'DescripciÛn delito 2423', '2019-06-21', '-34.785081', '-58.404427', '2019-06-21', '11:15:00', 1, NULL, 'Aprobado'),
(2424, 3, 'DescripciÛn delito 2424', '2019-09-19', '-34.789427', '-58.408255', '2019-09-19', '11:15:00', 1, NULL, 'Aprobado'),
(2425, 5, 'DescripciÛn delito 2425', '2019-06-29', '-34.782582', '-58.404846', '2019-06-29', '11:15:00', 1, NULL, 'Aprobado'),
(2426, 5, 'DescripciÛn delito 2426', '2019-07-08', '-34.78326', '-58.402523', '2019-07-08', '11:15:00', 1, NULL, 'Aprobado'),
(2427, 4, 'DescripciÛn delito 2427', '2019-11-23', '-34.784555', '-58.401103', '2019-11-23', '11:15:00', 1, NULL, 'Aprobado'),
(2428, 2, 'DescripciÛn delito 2428', '2019-07-15', '-34.785779', '-58.406035', '2019-07-15', '11:15:00', 1, NULL, 'Aprobado'),
(2429, 3, 'DescripciÛn delito 2429', '2019-09-19', '-34.786216', '-58.408192', '2019-09-19', '11:15:00', 1, NULL, 'Aprobado'),
(2430, 1, 'DescripciÛn delito 2430', '2019-03-23', '-34.788261', '-58.408448', '2019-03-23', '11:15:00', 1, NULL, 'Aprobado'),
(2431, 3, 'DescripciÛn delito 2431', '2019-01-19', '-34.783259', '-58.403535', '2019-01-19', '11:15:00', 1, NULL, 'Aprobado'),
(2432, 3, 'DescripciÛn delito 2432', '2019-03-05', '-34.784770', '-58.408618', '2019-03-05', '11:15:00', 1, NULL, 'Aprobado'),
(2433, 3, 'DescripciÛn delito 2433', '2019-10-20', '-34.786730', '-58.401982', '2019-10-20', '11:15:00', 1, NULL, 'Aprobado'),
(2434, 4, 'DescripciÛn delito 2434', '2019-03-04', '-34.78562', '-58.409360', '2019-03-04', '11:15:00', 1, NULL, 'Aprobado'),
(2435, 4, 'DescripciÛn delito 2435', '2019-05-17', '-34.781843', '-58.405119', '2019-05-17', '11:15:00', 1, NULL, 'Aprobado'),
(2436, 4, 'DescripciÛn delito 2436', '2019-10-26', '-34.789134', '-58.405687', '2019-10-26', '11:15:00', 1, NULL, 'Aprobado'),
(2437, 4, 'DescripciÛn delito 2437', '2019-06-06', '-34.786849', '-58.401956', '2019-06-06', '11:15:00', 1, NULL, 'Aprobado'),
(2438, 3, 'DescripciÛn delito 2438', '2019-12-19', '-34.782761', '-58.407149', '2019-12-19', '11:15:00', 1, NULL, 'Aprobado'),
(2439, 3, 'DescripciÛn delito 2439', '2019-04-29', '-34.789061', '-58.407446', '2019-04-29', '11:15:00', 1, NULL, 'Aprobado'),
(2440, 3, 'DescripciÛn delito 2440', '2019-09-02', '-34.784537', '-58.406218', '2019-09-02', '11:15:00', 1, NULL, 'Aprobado'),
(2441, 3, 'DescripciÛn delito 2441', '2019-04-18', '-34.782490', '-58.40514', '2019-04-18', '11:15:00', 1, NULL, 'Aprobado'),
(2442, 3, 'DescripciÛn delito 2442', '2019-04-22', '-34.78420', '-58.406255', '2019-04-22', '11:15:00', 1, NULL, 'Aprobado'),
(2443, 2, 'DescripciÛn delito 2443', '2019-01-27', '-34.783022', '-58.40780', '2019-01-27', '11:15:00', 1, NULL, 'Aprobado'),
(2444, 2, 'DescripciÛn delito 2444', '2019-09-11', '-34.78208', '-58.401703', '2019-09-11', '11:15:00', 1, NULL, 'Aprobado'),
(2445, 3, 'DescripciÛn delito 2445', '2019-10-16', '-34.786357', '-58.401656', '2019-10-16', '11:15:00', 1, NULL, 'Aprobado'),
(2446, 2, 'DescripciÛn delito 2446', '2019-10-25', '-34.782908', '-58.406039', '2019-10-25', '11:15:00', 1, NULL, 'Aprobado'),
(2447, 2, 'DescripciÛn delito 2447', '2019-03-18', '-34.787828', '-58.40266', '2019-03-18', '11:15:00', 1, NULL, 'Aprobado'),
(2448, 4, 'DescripciÛn delito 2448', '2019-09-10', '-34.784047', '-58.406434', '2019-09-10', '11:15:00', 1, NULL, 'Aprobado'),
(2449, 1, 'DescripciÛn delito 2449', '2019-11-11', '-34.783502', '-58.404002', '2019-11-11', '11:15:00', 1, NULL, 'Aprobado'),
(2450, 4, 'DescripciÛn delito 2450', '2019-02-23', '-34.783096', '-58.404888', '2019-02-23', '11:15:00', 1, NULL, 'Aprobado'),
(2451, 4, 'DescripciÛn delito 2451', '2019-03-28', '-34.785726', '-58.407587', '2019-03-28', '11:15:00', 1, NULL, 'Aprobado'),
(2452, 3, 'DescripciÛn delito 2452', '2019-06-27', '-34.789543', '-58.408552', '2019-06-27', '11:15:00', 1, NULL, 'Aprobado'),
(2453, 5, 'DescripciÛn delito 2453', '2019-12-03', '-34.783236', '-58.408493', '2019-12-03', '11:15:00', 1, NULL, 'Aprobado'),
(2454, 3, 'DescripciÛn delito 2454', '2019-06-05', '-34.786604', '-58.407722', '2019-06-05', '11:15:00', 1, NULL, 'Aprobado'),
(2455, 3, 'DescripciÛn delito 2455', '2019-03-12', '-34.78709', '-58.405001', '2019-03-12', '11:15:00', 1, NULL, 'Aprobado'),
(2456, 1, 'DescripciÛn delito 2456', '2019-11-07', '-34.785521', '-58.408840', '2019-11-07', '11:15:00', 1, NULL, 'Aprobado'),
(2457, 3, 'DescripciÛn delito 2457', '2019-02-13', '-34.788685', '-58.409000', '2019-02-13', '11:15:00', 1, NULL, 'Aprobado'),
(2458, 3, 'DescripciÛn delito 2458', '2019-07-12', '-34.786524', '-58.401269', '2019-07-12', '11:15:00', 1, NULL, 'Aprobado'),
(2459, 5, 'DescripciÛn delito 2459', '2019-08-28', '-34.78601', '-58.403653', '2019-08-28', '11:15:00', 1, NULL, 'Aprobado'),
(2460, 1, 'DescripciÛn delito 2460', '2019-08-10', '-34.785491', '-58.403706', '2019-08-10', '11:15:00', 1, NULL, 'Aprobado'),
(2461, 4, 'DescripciÛn delito 2461', '2019-11-13', '-34.787336', '-58.403942', '2019-11-13', '11:15:00', 1, NULL, 'Aprobado'),
(2462, 5, 'DescripciÛn delito 2462', '2019-06-24', '-34.789728', '-58.405134', '2019-06-24', '11:15:00', 1, NULL, 'Aprobado'),
(2463, 2, 'DescripciÛn delito 2463', '2019-06-25', '-34.781336', '-58.403727', '2019-06-25', '11:15:00', 1, NULL, 'Aprobado'),
(2464, 2, 'DescripciÛn delito 2464', '2019-08-01', '-34.783865', '-58.406597', '2019-08-01', '11:15:00', 1, NULL, 'Aprobado'),
(2465, 3, 'DescripciÛn delito 2465', '2019-12-07', '-34.784302', '-58.402042', '2019-12-07', '11:15:00', 1, NULL, 'Aprobado'),
(2466, 5, 'DescripciÛn delito 2466', '2019-09-04', '-34.783305', '-58.406590', '2019-09-04', '11:15:00', 1, NULL, 'Aprobado'),
(2467, 1, 'DescripciÛn delito 2467', '2019-04-03', '-34.782975', '-58.402922', '2019-04-03', '11:15:00', 1, NULL, 'Aprobado'),
(2468, 3, 'DescripciÛn delito 2468', '2019-10-25', '-34.787010', '-58.407155', '2019-10-25', '11:15:00', 1, NULL, 'Aprobado'),
(2469, 3, 'DescripciÛn delito 2469', '2019-05-08', '-34.787475', '-58.40478', '2019-05-08', '11:15:00', 1, NULL, 'Aprobado'),
(2470, 1, 'DescripciÛn delito 2470', '2019-05-20', '-34.782356', '-58.401444', '2019-05-20', '11:15:00', 1, NULL, 'Aprobado'),
(2471, 2, 'DescripciÛn delito 2471', '2019-05-07', '-34.7888', '-58.409341', '2019-05-07', '11:15:00', 1, NULL, 'Aprobado'),
(2472, 3, 'DescripciÛn delito 2472', '2019-11-01', '-34.788104', '-58.406739', '2019-11-01', '11:15:00', 1, NULL, 'Aprobado'),
(2473, 1, 'DescripciÛn delito 2473', '2019-08-15', '-34.789585', '-58.409799', '2019-08-15', '11:15:00', 1, NULL, 'Aprobado'),
(2474, 1, 'DescripciÛn delito 2474', '2019-07-01', '-34.788773', '-58.409669', '2019-07-01', '11:15:00', 1, NULL, 'Aprobado'),
(2475, 5, 'DescripciÛn delito 2475', '2019-01-22', '-34.789758', '-58.408066', '2019-01-22', '11:15:00', 1, NULL, 'Aprobado'),
(2476, 1, 'DescripciÛn delito 2476', '2019-11-20', '-34.786605', '-58.40882', '2019-11-20', '11:15:00', 1, NULL, 'Aprobado'),
(2477, 3, 'DescripciÛn delito 2477', '2019-07-05', '-34.787104', '-58.407750', '2019-07-05', '11:15:00', 1, NULL, 'Aprobado'),
(2478, 3, 'DescripciÛn delito 2478', '2019-07-19', '-34.782308', '-58.401002', '2019-07-19', '11:15:00', 1, NULL, 'Aprobado'),
(2479, 4, 'DescripciÛn delito 2479', '2019-09-18', '-34.782437', '-58.409866', '2019-09-18', '11:15:00', 1, NULL, 'Aprobado'),
(2480, 2, 'DescripciÛn delito 2480', '2019-06-07', '-34.788334', '-58.406393', '2019-06-07', '11:15:00', 1, NULL, 'Aprobado'),
(2481, 5, 'DescripciÛn delito 2481', '2019-09-18', '-34.783534', '-58.401332', '2019-09-18', '11:15:00', 1, NULL, 'Aprobado'),
(2482, 2, 'DescripciÛn delito 2482', '2019-10-29', '-34.787947', '-58.404321', '2019-10-29', '11:15:00', 1, NULL, 'Aprobado'),
(2483, 4, 'DescripciÛn delito 2483', '2019-03-08', '-34.783026', '-58.401807', '2019-03-08', '11:15:00', 1, NULL, 'Aprobado'),
(2484, 2, 'DescripciÛn delito 2484', '2019-02-25', '-34.782757', '-58.403662', '2019-02-25', '11:15:00', 1, NULL, 'Aprobado'),
(2485, 5, 'DescripciÛn delito 2485', '2019-07-19', '-34.787008', '-58.40595', '2019-07-19', '11:15:00', 1, NULL, 'Aprobado'),
(2486, 2, 'DescripciÛn delito 2486', '2019-10-22', '-34.789528', '-58.40358', '2019-10-22', '11:15:00', 1, NULL, 'Aprobado'),
(2487, 2, 'DescripciÛn delito 2487', '2019-05-07', '-34.784409', '-58.403951', '2019-05-07', '11:15:00', 1, NULL, 'Aprobado'),
(2488, 3, 'DescripciÛn delito 2488', '2019-04-02', '-34.789771', '-58.405284', '2019-04-02', '11:15:00', 1, NULL, 'Aprobado'),
(2489, 5, 'DescripciÛn delito 2489', '2019-12-29', '-34.782674', '-58.40784', '2019-12-29', '11:15:00', 1, NULL, 'Aprobado'),
(2490, 2, 'DescripciÛn delito 2490', '2019-03-20', '-34.781278', '-58.403584', '2019-03-20', '11:15:00', 1, NULL, 'Aprobado'),
(2491, 5, 'DescripciÛn delito 2491', '2019-07-03', '-34.787429', '-58.409498', '2019-07-03', '11:15:00', 1, NULL, 'Aprobado'),
(2492, 4, 'DescripciÛn delito 2492', '2019-08-29', '-34.788395', '-58.407714', '2019-08-29', '11:15:00', 1, NULL, 'Aprobado'),
(2493, 4, 'DescripciÛn delito 2493', '2019-03-25', '-34.789141', '-58.40179', '2019-03-25', '11:15:00', 1, NULL, 'Aprobado'),
(2494, 2, 'DescripciÛn delito 2494', '2019-05-04', '-34.783586', '-58.401600', '2019-05-04', '11:15:00', 1, NULL, 'Aprobado'),
(2495, 2, 'DescripciÛn delito 2495', '2019-10-03', '-34.786493', '-58.407519', '2019-10-03', '11:15:00', 1, NULL, 'Aprobado'),
(2496, 3, 'DescripciÛn delito 2496', '2019-03-03', '-34.784265', '-58.409445', '2019-03-03', '11:15:00', 1, NULL, 'Aprobado'),
(2497, 2, 'DescripciÛn delito 2497', '2019-07-12', '-34.787986', '-58.408264', '2019-07-12', '11:15:00', 1, NULL, 'Aprobado'),
(2498, 1, 'DescripciÛn delito 2498', '2019-10-26', '-34.782445', '-58.402145', '2019-10-26', '11:15:00', 1, NULL, 'Aprobado'),
(2499, 3, 'DescripciÛn delito 2499', '2019-04-20', '-34.781271', '-58.403763', '2019-04-20', '11:15:00', 1, NULL, 'Aprobado'),
(2500, 4, 'DescripciÛn delito 2500', '2019-02-27', '-34.784356', '-58.401915', '2019-02-27', '11:15:00', 1, NULL, 'Aprobado'),
(2501, 1, 'DescripciÛn delito 2501', '2019-06-23', '-34.786517', '-58.405031', '2019-06-23', '11:15:00', 1, NULL, 'Aprobado'),
(2502, 1, 'DescripciÛn delito 2502', '2019-11-08', '-34.783438', '-58.402240', '2019-11-08', '11:15:00', 1, NULL, 'Aprobado'),
(2503, 1, 'DescripciÛn delito 2503', '2019-07-19', '-34.783809', '-58.405927', '2019-07-19', '11:15:00', 1, NULL, 'Aprobado'),
(2504, 1, 'DescripciÛn delito 2504', '2019-03-17', '-34.785198', '-58.40254', '2019-03-17', '11:15:00', 1, NULL, 'Aprobado'),
(2505, 3, 'DescripciÛn delito 2505', '2019-03-17', '-34.789610', '-58.406876', '2019-03-17', '11:15:00', 1, NULL, 'Aprobado'),
(2506, 4, 'DescripciÛn delito 2506', '2019-11-01', '-34.782334', '-58.401283', '2019-11-01', '11:15:00', 1, NULL, 'Aprobado'),
(2507, 5, 'DescripciÛn delito 2507', '2019-12-09', '-34.786284', '-58.405802', '2019-12-09', '11:15:00', 1, NULL, 'Aprobado'),
(2508, 2, 'DescripciÛn delito 2508', '2019-06-18', '-34.782584', '-58.406154', '2019-06-18', '11:15:00', 1, NULL, 'Aprobado'),
(2509, 5, 'DescripciÛn delito 2509', '2019-08-04', '-34.784104', '-58.404249', '2019-08-04', '11:15:00', 1, NULL, 'Aprobado'),
(2510, 3, 'DescripciÛn delito 2510', '2019-12-06', '-34.784533', '-58.402657', '2019-12-06', '11:15:00', 1, NULL, 'Aprobado'),
(2511, 1, 'DescripciÛn delito 2511', '2019-08-25', '-34.786572', '-58.403693', '2019-08-25', '11:15:00', 1, NULL, 'Aprobado'),
(2512, 4, 'DescripciÛn delito 2512', '2019-09-18', '-34.786452', '-58.402379', '2019-09-18', '11:15:00', 1, NULL, 'Aprobado'),
(2513, 2, 'DescripciÛn delito 2513', '2019-02-12', '-34.782272', '-58.402905', '2019-02-12', '11:15:00', 1, NULL, 'Aprobado'),
(2514, 2, 'DescripciÛn delito 2514', '2019-10-01', '-34.789333', '-58.406931', '2019-10-01', '11:15:00', 1, NULL, 'Aprobado'),
(2515, 2, 'DescripciÛn delito 2515', '2019-10-25', '-34.789360', '-58.402510', '2019-10-25', '11:15:00', 1, NULL, 'Aprobado'),
(2516, 2, 'DescripciÛn delito 2516', '2019-01-05', '-34.785450', '-58.407743', '2019-01-05', '11:15:00', 1, NULL, 'Aprobado'),
(2517, 5, 'DescripciÛn delito 2517', '2019-12-11', '-34.787247', '-58.402240', '2019-12-11', '11:15:00', 1, NULL, 'Aprobado'),
(2518, 2, 'DescripciÛn delito 2518', '2019-02-24', '-34.785861', '-58.407678', '2019-02-24', '11:15:00', 1, NULL, 'Aprobado'),
(2519, 2, 'DescripciÛn delito 2519', '2019-09-20', '-34.784104', '-58.405742', '2019-09-20', '11:15:00', 1, NULL, 'Aprobado'),
(2520, 5, 'DescripciÛn delito 2520', '2019-04-04', '-34.781384', '-58.407109', '2019-04-04', '11:15:00', 1, NULL, 'Aprobado'),
(2521, 2, 'DescripciÛn delito 2521', '2019-08-29', '-34.787315', '-58.401568', '2019-08-29', '11:15:00', 1, NULL, 'Aprobado'),
(2522, 4, 'DescripciÛn delito 2522', '2019-04-15', '-34.785461', '-58.404796', '2019-04-15', '11:15:00', 1, NULL, 'Aprobado'),
(2523, 5, 'DescripciÛn delito 2523', '2019-03-11', '-34.789404', '-58.404112', '2019-03-11', '11:15:00', 1, NULL, 'Aprobado'),
(2524, 5, 'DescripciÛn delito 2524', '2019-07-27', '-34.789175', '-58.409712', '2019-07-27', '11:15:00', 1, NULL, 'Aprobado'),
(2525, 5, 'DescripciÛn delito 2525', '2019-01-04', '-34.789518', '-58.407178', '2019-01-04', '11:15:00', 1, NULL, 'Aprobado'),
(2526, 4, 'DescripciÛn delito 2526', '2019-08-10', '-34.78682', '-58.406703', '2019-08-10', '11:15:00', 1, NULL, 'Aprobado'),
(2527, 1, 'DescripciÛn delito 2527', '2019-07-09', '-34.781840', '-58.406500', '2019-07-09', '11:15:00', 1, NULL, 'Aprobado'),
(2528, 1, 'DescripciÛn delito 2528', '2019-06-26', '-34.787142', '-58.408643', '2019-06-26', '11:15:00', 1, NULL, 'Aprobado'),
(2529, 1, 'DescripciÛn delito 2529', '2019-11-10', '-34.788033', '-58.405092', '2019-11-10', '11:15:00', 1, NULL, 'Aprobado'),
(2530, 1, 'DescripciÛn delito 2530', '2019-10-05', '-34.783025', '-58.401379', '2019-10-05', '11:15:00', 1, NULL, 'Aprobado'),
(2531, 4, 'DescripciÛn delito 2531', '2019-06-12', '-34.783418', '-58.408213', '2019-06-12', '11:15:00', 1, NULL, 'Aprobado'),
(2532, 1, 'DescripciÛn delito 2532', '2019-04-16', '-34.786183', '-58.405776', '2019-04-16', '11:15:00', 1, NULL, 'Aprobado'),
(2533, 5, 'DescripciÛn delito 2533', '2019-09-22', '-34.781461', '-58.404386', '2019-09-22', '11:15:00', 1, NULL, 'Aprobado'),
(2534, 1, 'DescripciÛn delito 2534', '2019-03-11', '-34.781122', '-58.40759', '2019-03-11', '11:15:00', 1, NULL, 'Aprobado'),
(2535, 4, 'DescripciÛn delito 2535', '2019-02-03', '-34.788480', '-58.408382', '2019-02-03', '11:15:00', 1, NULL, 'Aprobado'),
(2536, 5, 'DescripciÛn delito 2536', '2019-11-08', '-34.786917', '-58.401343', '2019-11-08', '11:15:00', 1, NULL, 'Aprobado'),
(2537, 5, 'DescripciÛn delito 2537', '2019-05-20', '-34.784887', '-58.409545', '2019-05-20', '11:15:00', 1, NULL, 'Aprobado'),
(2538, 3, 'DescripciÛn delito 2538', '2019-09-24', '-34.78290', '-58.402372', '2019-09-24', '11:15:00', 1, NULL, 'Aprobado'),
(2539, 1, 'DescripciÛn delito 2539', '2019-07-01', '-34.785157', '-58.402816', '2019-07-01', '11:15:00', 1, NULL, 'Aprobado'),
(2540, 1, 'DescripciÛn delito 2540', '2019-07-17', '-34.787560', '-58.407469', '2019-07-17', '11:15:00', 1, NULL, 'Aprobado'),
(2541, 4, 'DescripciÛn delito 2541', '2019-11-24', '-34.781064', '-58.407626', '2019-11-24', '11:15:00', 1, NULL, 'Aprobado'),
(2542, 3, 'DescripciÛn delito 2542', '2019-10-27', '-34.784435', '-58.407796', '2019-10-27', '11:15:00', 1, NULL, 'Aprobado'),
(2543, 3, 'DescripciÛn delito 2543', '2019-11-10', '-34.787339', '-58.401851', '2019-11-10', '11:15:00', 1, NULL, 'Aprobado'),
(2544, 4, 'DescripciÛn delito 2544', '2019-11-20', '-34.78718', '-58.406165', '2019-11-20', '11:15:00', 1, NULL, 'Aprobado'),
(2545, 2, 'DescripciÛn delito 2545', '2019-06-13', '-34.784828', '-58.408438', '2019-06-13', '11:15:00', 1, NULL, 'Aprobado'),
(2546, 2, 'DescripciÛn delito 2546', '2019-05-13', '-34.784516', '-58.408697', '2019-05-13', '11:15:00', 1, NULL, 'Aprobado'),
(2547, 5, 'DescripciÛn delito 2547', '2019-11-06', '-34.787880', '-58.407445', '2019-11-06', '11:15:00', 1, NULL, 'Aprobado'),
(2548, 1, 'DescripciÛn delito 2548', '2019-02-21', '-34.786683', '-58.406879', '2019-02-21', '11:15:00', 1, NULL, 'Aprobado'),
(2549, 1, 'DescripciÛn delito 2549', '2019-04-07', '-34.786805', '-58.407365', '2019-04-07', '11:15:00', 1, NULL, 'Aprobado'),
(2550, 1, 'DescripciÛn delito 2550', '2019-02-11', '-34.781379', '-58.402967', '2019-02-11', '11:15:00', 1, NULL, 'Aprobado'),
(2551, 3, 'DescripciÛn delito 2551', '2019-02-14', '-34.784170', '-58.401975', '2019-02-14', '11:15:00', 1, NULL, 'Aprobado'),
(2552, 4, 'DescripciÛn delito 2552', '2019-11-25', '-34.787560', '-58.409657', '2019-11-25', '11:15:00', 1, NULL, 'Aprobado'),
(2553, 1, 'DescripciÛn delito 2553', '2019-11-05', '-34.789758', '-58.403575', '2019-11-05', '11:15:00', 1, NULL, 'Aprobado'),
(2554, 2, 'DescripciÛn delito 2554', '2019-08-29', '-34.781594', '-58.401199', '2019-08-29', '11:15:00', 1, NULL, 'Aprobado'),
(2555, 5, 'DescripciÛn delito 2555', '2019-04-08', '-34.78491', '-58.402929', '2019-04-08', '11:15:00', 1, NULL, 'Aprobado'),
(2556, 3, 'DescripciÛn delito 2556', '2019-02-23', '-34.78622', '-58.403952', '2019-02-23', '11:15:00', 1, NULL, 'Aprobado'),
(2557, 3, 'DescripciÛn delito 2557', '2019-03-09', '-34.787985', '-58.407012', '2019-03-09', '11:15:00', 1, NULL, 'Aprobado'),
(2558, 5, 'DescripciÛn delito 2558', '2019-09-25', '-34.782408', '-58.401059', '2019-09-25', '11:15:00', 1, NULL, 'Aprobado'),
(2559, 4, 'DescripciÛn delito 2559', '2019-05-09', '-34.781817', '-58.406522', '2019-05-09', '11:15:00', 1, NULL, 'Aprobado'),
(2560, 4, 'DescripciÛn delito 2560', '2019-08-18', '-34.783140', '-58.402731', '2019-08-18', '11:15:00', 1, NULL, 'Aprobado'),
(2561, 2, 'DescripciÛn delito 2561', '2019-09-24', '-34.784228', '-58.408763', '2019-09-24', '11:15:00', 1, NULL, 'Aprobado'),
(2562, 1, 'DescripciÛn delito 2562', '2019-07-05', '-34.789552', '-58.401540', '2019-07-05', '11:15:00', 1, NULL, 'Aprobado'),
(2563, 4, 'DescripciÛn delito 2563', '2019-09-22', '-34.785272', '-58.409704', '2019-09-22', '11:15:00', 1, NULL, 'Aprobado'),
(2564, 2, 'DescripciÛn delito 2564', '2019-08-17', '-34.786505', '-58.401975', '2019-08-17', '11:15:00', 1, NULL, 'Aprobado'),
(2565, 4, 'DescripciÛn delito 2565', '2019-06-16', '-34.781853', '-58.402943', '2019-06-16', '11:15:00', 1, NULL, 'Aprobado'),
(2566, 5, 'DescripciÛn delito 2566', '2019-08-08', '-34.784459', '-58.409815', '2019-08-08', '11:15:00', 1, NULL, 'Aprobado'),
(2567, 3, 'DescripciÛn delito 2567', '2019-02-28', '-34.783435', '-58.409568', '2019-02-28', '11:15:00', 1, NULL, 'Aprobado'),
(2568, 1, 'DescripciÛn delito 2568', '2019-10-03', '-34.784041', '-58.406977', '2019-10-03', '11:15:00', 1, NULL, 'Aprobado'),
(2569, 5, 'DescripciÛn delito 2569', '2019-12-09', '-34.785902', '-58.405660', '2019-12-09', '11:15:00', 1, NULL, 'Aprobado'),
(2570, 5, 'DescripciÛn delito 2570', '2019-07-04', '-34.782472', '-58.402801', '2019-07-04', '11:15:00', 1, NULL, 'Aprobado'),
(2571, 5, 'DescripciÛn delito 2571', '2019-12-16', '-34.784782', '-58.40943', '2019-12-16', '11:15:00', 1, NULL, 'Aprobado'),
(2572, 5, 'DescripciÛn delito 2572', '2019-11-20', '-34.783932', '-58.403869', '2019-11-20', '11:15:00', 1, NULL, 'Aprobado'),
(2573, 2, 'DescripciÛn delito 2573', '2019-10-07', '-34.788219', '-58.404494', '2019-10-07', '11:15:00', 1, NULL, 'Aprobado'),
(2574, 1, 'DescripciÛn delito 2574', '2019-11-28', '-34.788820', '-58.407586', '2019-11-28', '11:15:00', 1, NULL, 'Aprobado'),
(2575, 2, 'DescripciÛn delito 2575', '2019-04-14', '-34.789390', '-58.409061', '2019-04-14', '11:15:00', 1, NULL, 'Aprobado'),
(2576, 5, 'DescripciÛn delito 2576', '2019-04-04', '-34.781054', '-58.409670', '2019-04-04', '11:15:00', 1, NULL, 'Aprobado'),
(2577, 2, 'DescripciÛn delito 2577', '2019-06-02', '-34.789626', '-58.40509', '2019-06-02', '11:15:00', 1, NULL, 'Aprobado'),
(2578, 5, 'DescripciÛn delito 2578', '2019-08-07', '-34.784628', '-58.40182', '2019-08-07', '11:15:00', 1, NULL, 'Aprobado'),
(2579, 3, 'DescripciÛn delito 2579', '2019-09-16', '-34.781737', '-58.404948', '2019-09-16', '11:15:00', 1, NULL, 'Aprobado'),
(2580, 5, 'DescripciÛn delito 2580', '2019-01-15', '-34.789310', '-58.402234', '2019-01-15', '11:15:00', 1, NULL, 'Aprobado'),
(2581, 1, 'DescripciÛn delito 2581', '2019-02-18', '-34.782813', '-58.403125', '2019-02-18', '11:15:00', 1, NULL, 'Aprobado'),
(2582, 5, 'DescripciÛn delito 2582', '2019-01-07', '-34.787567', '-58.402934', '2019-01-07', '11:15:00', 1, NULL, 'Aprobado'),
(2583, 4, 'DescripciÛn delito 2583', '2019-09-02', '-34.784541', '-58.409358', '2019-09-02', '11:15:00', 1, NULL, 'Aprobado'),
(2584, 4, 'DescripciÛn delito 2584', '2019-06-20', '-34.78689', '-58.401458', '2019-06-20', '11:15:00', 1, NULL, 'Aprobado'),
(2585, 2, 'DescripciÛn delito 2585', '2019-09-27', '-34.785432', '-58.401372', '2019-09-27', '11:15:00', 1, NULL, 'Aprobado'),
(2586, 2, 'DescripciÛn delito 2586', '2019-12-24', '-34.784582', '-58.406139', '2019-12-24', '11:15:00', 1, NULL, 'Aprobado'),
(2587, 1, 'DescripciÛn delito 2587', '2019-10-14', '-34.781335', '-58.403666', '2019-10-14', '11:15:00', 1, NULL, 'Aprobado'),
(2588, 1, 'DescripciÛn delito 2588', '2019-02-01', '-34.783344', '-58.403814', '2019-02-01', '11:15:00', 1, NULL, 'Aprobado'),
(2589, 3, 'DescripciÛn delito 2589', '2019-12-17', '-34.784764', '-58.405540', '2019-12-17', '11:15:00', 1, NULL, 'Aprobado'),
(2590, 5, 'DescripciÛn delito 2590', '2019-11-16', '-34.785087', '-58.401900', '2019-11-16', '11:15:00', 1, NULL, 'Aprobado'),
(2591, 5, 'DescripciÛn delito 2591', '2019-03-17', '-34.783103', '-58.40284', '2019-03-17', '11:15:00', 1, NULL, 'Aprobado'),
(2592, 4, 'DescripciÛn delito 2592', '2019-12-11', '-34.788758', '-58.406691', '2019-12-11', '11:15:00', 1, NULL, 'Aprobado'),
(2593, 1, 'DescripciÛn delito 2593', '2019-10-15', '-34.788785', '-58.405167', '2019-10-15', '11:15:00', 1, NULL, 'Aprobado'),
(2594, 4, 'DescripciÛn delito 2594', '2019-04-05', '-34.785141', '-58.406932', '2019-04-05', '11:15:00', 1, NULL, 'Aprobado'),
(2595, 3, 'DescripciÛn delito 2595', '2019-09-11', '-34.785664', '-58.404796', '2019-09-11', '11:15:00', 1, NULL, 'Aprobado'),
(2596, 4, 'DescripciÛn delito 2596', '2019-10-14', '-34.786859', '-58.405639', '2019-10-14', '11:15:00', 1, NULL, 'Aprobado'),
(2597, 5, 'DescripciÛn delito 2597', '2019-04-17', '-34.78529', '-58.405661', '2019-04-17', '11:15:00', 1, NULL, 'Aprobado'),
(2598, 5, 'DescripciÛn delito 2598', '2019-09-04', '-34.788730', '-58.406405', '2019-09-04', '11:15:00', 1, NULL, 'Aprobado'),
(2599, 1, 'DescripciÛn delito 2599', '2019-09-04', '-34.781021', '-58.409365', '2019-09-04', '11:15:00', 1, NULL, 'Aprobado'),
(3000, 4, 'Delito 3000', '2019-01-14', '-34.669094', '-58.369634', '2019-01-14', '11:15:00', 9, NULL, 'Aprobado'),
(3001, 5, 'Delito 3001', '2019-09-23', '-34.662026', '-58.361622', '2019-09-23', '11:15:00', 9, NULL, 'Aprobado'),
(3002, 5, 'Delito 3002', '2019-05-08', '-34.665183', '-58.368215', '2019-05-08', '11:15:00', 9, NULL, 'Aprobado'),
(3003, 5, 'Delito 3003', '2019-02-26', '-34.704443', '-58.386503', '2019-02-26', '11:15:00', 10, NULL, 'Aprobado'),
(3004, 3, 'Delito 3004', '2019-04-05', '-34.707667', '-58.389715', '2019-04-05', '11:15:00', 10, NULL, 'Aprobado'),
(3005, 5, 'Delito 3005', '2019-10-01', '-34.704708', '-58.389135', '2019-10-01', '11:15:00', 10, NULL, 'Aprobado'),
(3006, 5, 'Delito 3006', '2019-12-25', '-34.777764', '-58.381572', '2019-12-25', '11:15:00', 12, NULL, 'Aprobado'),
(3007, 1, 'Delito 3007', '2019-11-03', '-34.779501', '-58.381862', '2019-11-03', '11:15:00', 12, NULL, 'Aprobado'),
(3008, 1, 'Delito 3008', '2019-10-19', '-34.771868', '-58.383470', '2019-10-19', '11:15:00', 12, NULL, 'Aprobado'),
(3009, 3, 'sdfghj', '2019-11-27', NULL, NULL, '2019-11-07', '00:00:00', 9, 'fgh', 'Disponible');

-- --------------------------------------------------------

--
-- Estructura de tabla para la tabla `type_crime`
--

CREATE TABLE `type_crime` (
  `ID` int(11) NOT NULL,
  `type_crime_description` varchar(50) NOT NULL,
  `color` varchar(50) NOT NULL
) ENGINE=InnoDB DEFAULT CHARSET=utf8mb4 COLLATE=utf8mb4_0900_ai_ci;

--
-- Volcado de datos para la tabla `type_crime`
--

INSERT INTO `type_crime` (`ID`, `type_crime_description`, `color`) VALUES
(1, 'Acoso y violación', 'red'),
(2, 'Robo de inmuebles', 'orange'),
(3, 'Robo de vehículos', 'pink'),
(4, 'Robo a individuos', 'skyblue'),
(5, 'Venta de estupefacientes', 'beige'),
(6, 'Vandalismo', 'yellow');

-- --------------------------------------------------------

--
-- Estructura de tabla para la tabla `type_user`
--

CREATE TABLE `type_user` (
  `ID` int(11) NOT NULL,
  `type_description` varchar(50) NOT NULL
) ENGINE=InnoDB DEFAULT CHARSET=utf8mb4 COLLATE=utf8mb4_0900_ai_ci;

--
-- Volcado de datos para la tabla `type_user`
--

INSERT INTO `type_user` (`ID`, `type_description`) VALUES
(1, 'Administrador'),
(2, 'Moderador'),
(3, 'Usuario');

-- --------------------------------------------------------

--
-- Estructura de tabla para la tabla `user`
--

CREATE TABLE `user` (
  `ID` int(11) NOT NULL,
  `type_user_id` int(11) NOT NULL,
  `email` varchar(50) NOT NULL,
  `nombre` varchar(50) NOT NULL,
  `password` varchar(8) CHARACTER SET utf8mb4 COLLATE utf8mb4_0900_ai_ci NOT NULL
) ENGINE=InnoDB DEFAULT CHARSET=utf8mb4 COLLATE=utf8mb4_0900_ai_ci;

--
-- Volcado de datos para la tabla `user`
--

INSERT INTO `user` (`ID`, `type_user_id`, `email`, `nombre`, `password`) VALUES
(1, 2, 'ardilesgraciela@gmail.com', 'Ardiles Graciela', '12345678'),
(3, 2, 'garridonm@gmail.com', 'Nicolas Garrido', '12345678'),
(4, 3, 'gaby_ardiles@hotmail.com.ar', 'Angel Ardiles', '12345678');

-- --------------------------------------------------------

--
-- Estructura de tabla para la tabla `zones`
--

CREATE TABLE `zones` (
  `ID` int(11) NOT NULL,
  `zone_description` varchar(100) NOT NULL,
  `order_zones` bigint(20) NOT NULL DEFAULT '0'
) ENGINE=InnoDB DEFAULT CHARSET=utf8mb4 COLLATE=utf8mb4_0900_ai_ci;

--
-- Volcado de datos para la tabla `zones`
--

INSERT INTO `zones` (`ID`, `zone_description`, `order_zones`) VALUES
(1, 'Lomas', 0),
(2, 'Banfield', 0),
(3, 'Monte grande', 0),
(4, 'Ezeiza', 0),
(5, 'Luis guillon', 0),
(6, 'La union', 0),
(7, 'Canning', 0),
(8, 'LLavallol', 0),
(9, 'Avellaneda', 0),
(10, 'Lanús', 0),
(11, 'Remedios de escalada', 0),
(12, 'Temperley', 0),
(13, 'El jaguel', 0),
(14, 'Tristan suarez', 0),
(15, 'Spegazzini', 0),
(16, 'Otros', 99999);

--
-- Índices para tablas volcadas
--

--
-- Indices de la tabla `contact`
--
ALTER TABLE `contact`
  ADD PRIMARY KEY (`ID`);

--
-- Indices de la tabla `crime`
--
ALTER TABLE `crime`
  ADD PRIMARY KEY (`ID_crime`),
  ADD KEY `type_crime_id` (`type_crime_id`),
  ADD KEY `zone_id` (`zone_id`);

--
-- Indices de la tabla `type_crime`
--
ALTER TABLE `type_crime`
  ADD PRIMARY KEY (`ID`);

--
-- Indices de la tabla `type_user`
--
ALTER TABLE `type_user`
  ADD PRIMARY KEY (`ID`);

--
-- Indices de la tabla `user`
--
ALTER TABLE `user`
  ADD PRIMARY KEY (`ID`),
  ADD KEY `type_user_id` (`type_user_id`);

--
-- Indices de la tabla `zones`
--
ALTER TABLE `zones`
  ADD PRIMARY KEY (`ID`);

--
-- AUTO_INCREMENT de las tablas volcadas
--

--
-- AUTO_INCREMENT de la tabla `contact`
--
ALTER TABLE `contact`
  MODIFY `ID` int(11) NOT NULL AUTO_INCREMENT;

--
-- AUTO_INCREMENT de la tabla `crime`
--
ALTER TABLE `crime`
  MODIFY `ID_crime` int(11) NOT NULL AUTO_INCREMENT, AUTO_INCREMENT=3010;

--
-- AUTO_INCREMENT de la tabla `type_crime`
--
ALTER TABLE `type_crime`
  MODIFY `ID` int(11) NOT NULL AUTO_INCREMENT, AUTO_INCREMENT=8;

--
-- AUTO_INCREMENT de la tabla `type_user`
--
ALTER TABLE `type_user`
  MODIFY `ID` int(11) NOT NULL AUTO_INCREMENT, AUTO_INCREMENT=5;

--
-- AUTO_INCREMENT de la tabla `user`
--
ALTER TABLE `user`
  MODIFY `ID` int(11) NOT NULL AUTO_INCREMENT, AUTO_INCREMENT=5;

--
-- AUTO_INCREMENT de la tabla `zones`
--
ALTER TABLE `zones`
  MODIFY `ID` int(11) NOT NULL AUTO_INCREMENT, AUTO_INCREMENT=17;

--
-- Restricciones para tablas volcadas
--

--
-- Filtros para la tabla `crime`
--
ALTER TABLE `crime`
  ADD CONSTRAINT `crime_ibfk_1` FOREIGN KEY (`type_crime_id`) REFERENCES `type_crime` (`ID`) ON DELETE RESTRICT ON UPDATE RESTRICT,
  ADD CONSTRAINT `crime_ibfk_2` FOREIGN KEY (`zone_id`) REFERENCES `zones` (`ID`) ON DELETE RESTRICT ON UPDATE RESTRICT;

--
-- Filtros para la tabla `user`
--
ALTER TABLE `user`
  ADD CONSTRAINT `user_ibfk_1` FOREIGN KEY (`type_user_id`) REFERENCES `type_user` (`ID`) ON DELETE RESTRICT ON UPDATE RESTRICT;
COMMIT;

/*!40101 SET CHARACTER_SET_CLIENT=@OLD_CHARACTER_SET_CLIENT */;
/*!40101 SET CHARACTER_SET_RESULTS=@OLD_CHARACTER_SET_RESULTS */;
/*!40101 SET COLLATION_CONNECTION=@OLD_COLLATION_CONNECTION */;
